securityId,securityName,symbol,indexId,openPrice,highPrice,lowPrice,totalTradeQuantity,totalTradeValue,lastTradedPrice,percentageChange,lastUpdatedDateTime,lastTradedVolume,previousClose,averageTradedPrice
8031,Madhya Bhotekoshi Jalavidyut Company Limited,MBJC,58,321.4,325.0,321.4,50,16174.0,324.0,-0.31,2024-09-25 11:10:29.816533,10,325.0,323.48
2880,Himal Dolakha Hydropower Company Limited,HDHPC,58,194.0,196.0,194.0,9023,1762092.8,196.0,1.4,2024-09-25 11:10:29.134104,20,193.3,195.29
2842,SANJEN JALAVIDHYUT COMPANY LIMITED,SJCL,58,314.0,314.0,306.6,527,161724.2,306.6,-0.68,2024-09-25 11:10:28.742091,57,308.7,306.88
516,Manjushree Finance Ltd.,MFIL,58,615.0,620.0,614.0,1341,824130.0,620.0,0.32,2024-09-25 11:10:28.504401,10,618.0,614.56
2809,SHIVAM CEMENTS LTD,SHIVM,58,530.0,535.0,528.0,3055,1617107.1,532.0,0.32,2024-09-25 11:10:27.499431,400,530.3,529.33
141,Laxmi Sunrise Bank Limited,LSL,58,236.0,236.0,231.3,2140,499597.0,235.0,1.29,2024-09-25 11:10:27.440348,140,232.0,233.46
8022,Terhathum Power Company Limited,TPC,58,413.0,421.2,413.0,620,261062.0,421.2,1.99,2024-09-25 11:10:26.50333,100,413.0,421.07
397,Agricultural Development Bank Limited,ADBL,58,351.0,353.0,349.2,1860,653505.0,353.0,0.51,2024-09-25 11:10:26.373093,50,351.2,351.35
393,Himalayan Life Insurance Limited,HLI,58,448.0,448.1,446.0,1115,498391.0,447.0,-0.2,2024-09-25 11:10:26.058446,50,447.9,446.99
2757,Arun Kabeli Power Ltd.,AKPL,58,220.0,224.4,220.0,8747,1943372.0,224.4,2.42,2024-09-25 11:10:26.0327,500,219.1,222.18
2742,Hydorelectricity Investment and Development Company Ltd,HIDCL,58,253.0,255.0,252.0,3572,904476.4,254.0,2.01,2024-09-25 11:10:25.434679,100,249.0,253.21
232,Goodwill Finance Limited,GFCL,58,761.0,770.0,750.0,549,418640.0,770.0,1.18,2024-09-25 11:10:24.950362,10,761.0,762.55
9150,Asian Hydropower Limited,AHL,58,639.5,639.5,616.0,30,18825.0,616.0,-1.75,2024-09-25 11:10:24.94756,10,627.0,627.5
2924,GreenLife Hydropower Limited,GLH,58,231.0,231.0,229.0,617,142069.5,230.1,0.48,2024-09-25 11:10:24.423813,10,229.0,230.26
9194,Three Star Hydropower Limited,TSHL,58,775.0,785.4,775.0,250,195910.0,785.4,2.0,2024-09-25 11:10:22.574501,10,770.0,783.64
164,Chhimek Laghubitta Bittiya Sanstha Limited,CBBL,58,920.0,920.0,919.0,120,110360.0,919.0,0.88,2024-09-25 11:10:21.095959,10,911.0,919.67
2881,Nepal Reinsurance Company Limited,NRIC,58,744.0,800.0,744.0,2227,1714303.4,784.0,5.25,2024-09-25 11:10:20.699078,84,744.9,769.78
9225,Vision Lumbini Urja Company Limited ,VLUCL,58,632.4,632.4,620.0,1060,663508.0,626.0,0.97,2024-09-25 11:10:19.323389,990,620.0,625.95
2831,Union Hydropower Limited,UNHPL,58,255.0,255.0,255.0,10,2550.0,255.0,1.15,2024-09-25 11:10:18.288376,10,252.1,255.0
204,Gurkhas Finance Ltd.,GUFL,58,652.0,664.9,652.0,895,589923.3,664.9,1.98,2024-09-25 11:10:17.901341,67,652.0,659.13
8111,Hydorelectricity Investment and Development Company Limited Promoter,HIDCLP,58,156.0,159.1,155.0,25694,4049063.7,157.0,1.95,2024-09-25 11:10:17.765302,800,154.0,157.59
3946,CEDB Hydropower Development Company Limited,CHDC,58,1717.6,1717.6,1668.0,1156,1944860.7,1684.0,0.0,2024-09-25 11:10:17.630635,100,1684.0,1682.41
360,Arun Valley Hydropower Development Co. Ltd.,AHPC,58,252.0,256.9,252.0,9693,2455790.0,256.9,1.86,2024-09-25 11:10:17.567498,120,252.2,253.36
255,Prabhu  Bank Limited,PRVU,58,229.0,229.0,225.0,1781,402030.2,227.0,-0.13,2024-09-25 11:10:16.666074,250,227.3,225.73
9193,Ghorahi Cement Industry Limited,GCIL,58,465.6,468.0,465.6,43,20052.8,468.0,-0.64,2024-09-25 11:10:16.526609,10,471.0,466.34
1741,Mero Microfinance Bittiya Sanstha Ltd.,MERO,58,702.3,702.3,702.3,10,7023.0,702.3,-1.11,2024-09-25 11:10:16.436244,10,710.2,702.3
187,Nepal Life Insurance Co. Ltd.,NLIC,58,738.0,738.0,738.0,160,118080.0,738.0,0.0,2024-09-25 11:10:15.645136,10,738.0,738.0
341,Global IME Bank Limited,GBIME,58,235.0,238.0,232.3,3546,838129.5,238.0,1.32,2024-09-25 11:10:15.577014,10,234.9,236.36
9209,Citizen Life Insurance Company Limited,CLI,58,595.0,600.0,595.0,384,229088.2,600.0,0.0,2024-09-25 11:10:15.555124,20,600.0,596.58
235,Himalayan Distillery Limited,HDL,58,1240.0,1240.0,1235.0,415,514056.0,1240.0,0.16,2024-09-25 11:10:15.473354,10,1238.0,1238.69
154,Chilime Hydropower Company Limited,CHCL,58,538.0,548.6,536.0,1364,736177.4,548.6,1.97,2024-09-25 11:10:14.882795,49,538.0,539.72
396,Nerude Mirmire Laghubitta Bittiya Sanstha Limited,NMLBBL,58,750.0,750.0,738.0,260,192945.0,738.0,0.14,2024-09-25 11:10:13.437874,50,737.0,742.1
2919,Nepal Infrastructure Bank Limited,NIFRA,58,258.2,262.0,258.2,1701,442374.3,262.0,0.23,2024-09-25 11:10:13.426194,64,261.4,260.07
5982,Sanima Reliance Life Insurance Limited,SRLI,58,557.0,560.0,553.0,2285,1275753.0,557.9,1.6,2024-09-25 11:10:12.88911,140,549.1,558.32
338,Progressive Finance Limited,PROFL,58,503.7,505.0,500.0,5645,2829490.8,505.0,-0.98,2024-09-25 11:10:12.042515,65,510.0,501.24
9176,Ingwa Hydropower Limited,IHL,58,496.0,505.9,496.0,40,20069.0,500.0,-1.19,2024-09-25 11:10:10.717648,10,506.0,501.73
2907,Shiva Shree Hydropower Ltd,SSHL,58,204.9,205.0,204.9,1610,329950.0,205.0,0.54,2024-09-25 11:10:10.683625,60,203.9,204.94
418,Jyoti Bikas Bank Limited,JBBL,58,331.3,331.3,325.0,1353,441607.0,325.0,0.03,2024-09-25 11:10:10.569481,10,324.9,326.39
9179,Modi Energy Limited,MEL,58,278.0,287.0,278.0,470,133497.0,287.0,1.41,2024-09-25 11:10:10.230423,10,283.0,284.04
307,Nepal Doorsanchar Company Limited,NTC,58,901.0,920.0,900.0,365,329822.0,920.0,1.88,2024-09-25 11:10:10.041803,10,903.0,903.62
171,Sanima Bank Limited,SANIMA,58,320.1,325.0,320.0,160,51901.0,325.0,1.53,2024-09-25 11:10:07.850017,130,320.1,324.38
2913,Mountain Energy Nepal Limited,MEN,58,609.0,609.0,609.0,100,60900.0,609.0,0.0,2024-09-25 11:10:07.542946,100,609.0,609.0
9234,Himalayan Reinsurance Limited,HRL,58,774.7,774.7,763.0,1910,1461401.0,765.0,0.28,2024-09-25 11:10:07.358282,205,762.9,765.13
210,Citizen Investment Trust,CIT,58,2110.0,2110.0,2110.0,226,476860.0,2110.0,-0.09,2024-09-25 11:10:07.145526,100,2112.0,2110.0
8021,Sahas Urja Limited,SAHAS,58,520.0,520.0,504.7,3754,1899337.5,504.7,-2.0,2024-09-25 11:10:03.552539,165,515.0,505.95
2754,Dibyashwori Hydropower Ltd.,DHPL,58,233.0,233.0,233.0,10,2330.0,233.0,1.75,2024-09-25 11:10:02.463845,10,229.0,233.0
591,Sanima Mai Hydropower Ltd.,SHPC,58,492.0,492.0,486.0,1222,598244.0,486.0,0.75,2024-09-25 11:10:00.438157,100,482.4,489.56
152,National Hydro Power Company Limited,NHPC,58,205.0,207.0,205.0,1870,385862.0,207.0,1.72,2024-09-25 11:09:58.813722,472,203.5,206.34
697,Api Power Company Ltd.,API,58,301.0,306.0,301.0,11252,3421528.9,303.0,0.66,2024-09-25 11:09:58.778473,206,301.0,304.08
2748,RSDC Laghubitta Bittiya Sanstha Ltd.,RSDC,58,678.3,678.3,664.8,242,163861.0,678.0,1.95,2024-09-25 11:09:57.492797,17,665.0,677.11
587,Reliance Finance Ltd.,RLFL,58,505.0,512.9,503.0,1715,867383.5,512.9,0.37,2024-09-25 11:09:55.832149,65,511.0,505.76
245,Central Finance Co. Ltd.,CFCL,58,495.1,509.0,495.1,510,252800.0,509.0,1.98,2024-09-25 11:09:54.793241,10,499.1,495.69
9216,Sonapur Minerals And Oil Limited,SONA,58,434.9,434.9,433.0,1000,433653.0,433.1,-0.41,2024-09-25 11:09:53.899352,10,434.9,433.65
9201,Sun Nepal Life Insurance Company Limited,SNLI,58,540.9,544.0,540.9,96,52078.8,541.0,0.0,2024-09-25 11:09:53.342267,12,541.0,542.49
134,Himalayan Bank Limited,HBL,58,242.0,242.0,238.2,124,29580.4,238.6,-1.4,2024-09-25 11:09:52.537292,14,242.0,238.55
132,Nepal Investment Mega Bank Limited,NIMB,58,219.0,222.0,219.0,3745,823776.5,222.0,2.78,2024-09-25 11:09:51.370435,100,216.0,219.97
2788,Ankhu Khola Jalvidhyut Company Ltd,AKJCL,58,194.0,195.0,194.0,670,130380.0,195.0,0.05,2024-09-25 11:09:50.544352,200,194.9,194.6
2743,Ngadi Group Power Ltd.,NGPL,58,431.4,431.4,425.0,583,248509.0,427.0,0.95,2024-09-25 11:09:49.223907,200,423.0,426.26
9183,Nepal Republic Media Limited,NRM,58,404.0,420.0,404.0,540,224610.0,411.0,-0.22,2024-09-25 11:09:47.39506,10,411.9,415.94
474,Muktinath Bikas Bank Ltd.,MNBBL,58,375.0,375.0,373.0,230,86081.0,373.0,-0.27,2024-09-25 11:09:47.1963,29,374.0,374.27
9148,Super Mai Hydropower Limited,SMH,58,1100.0,1142.0,1100.0,140,156760.0,1119.2,1.84,2024-09-25 11:09:47.098999,80,1099.0,1119.71
8005,Mailung Khola Jal Vidhyut Company Limited,MKJC,58,430.0,435.0,430.0,380,165250.0,435.0,1.56,2024-09-25 11:09:47.094772,370,428.3,434.87
8045,Green Ventures Limited,GVL,58,560.0,560.0,560.0,10,5600.0,560.0,-1.93,2024-09-25 11:09:46.638502,10,571.0,560.0
9199,Reliable Nepal Life Insurance Limited,RNLI,58,467.1,470.0,467.1,42,19682.0,470.0,-0.04,2024-09-25 11:09:46.019243,11,470.2,468.62
610,Ridi Power Company Limited,RIDI,58,218.0,218.0,218.0,323,70414.0,218.0,0.46,2024-09-25 11:09:43.293355,10,217.0,218.0
2915,Prabhu Mahalaxmi Life Insurance Limited,PMLI,58,566.0,566.0,566.0,10,5660.0,566.0,0.18,2024-09-25 11:09:42.756116,10,565.0,566.0
472,Shangrila Development Bank Ltd.,SADBL,58,392.0,414.0,392.0,730,288228.0,405.8,3.52,2024-09-25 11:09:38.654452,10,392.0,394.83
403,SuryaJyoti Life Insurance Company Limited,SJLIC,58,451.0,454.0,451.0,170,76850.0,454.0,0.11,2024-09-25 11:09:38.621484,50,453.5,452.06
2767,Himalayan Power Partner Ltd.,HPPL,58,301.9,301.9,298.1,510,152069.0,298.1,0.71,2024-09-25 11:09:37.678068,485,296.0,298.17
2792,Upper Tamakoshi Hydropower Ltd,UPPER,58,205.1,207.0,205.0,4414,908958.2,207.0,0.93,2024-09-25 11:09:37.225058,50,205.1,205.93
139,NIC Asia Bank Ltd.,NICA,58,427.0,437.5,427.0,1874,815075.5,437.5,1.7,2024-09-25 11:09:33.622547,103,430.2,434.94
8065,CYC Nepal Laghubitta Bittiya Sanstha Limited,CYCL,58,1518.1,1518.1,1488.1,73,110105.0,1500.0,-3.16,2024-09-25 11:09:32.298793,23,1549.0,1508.29
263,Guheshowori Merchant Bank & Finance Co. Ltd.,GMFIL,58,484.0,502.0,483.2,800,388222.0,502.0,1.83,2024-09-25 11:09:30.267071,10,493.0,485.28
2774,Unnati Sahakarya Laghubitta Bittiya Sanstha Limited,USLB,58,1360.0,1377.0,1351.0,55,75220.0,1351.0,0.07,2024-09-25 11:09:28.878183,10,1350.0,1367.64
8133,Peoples Hydropower Company Limited,PHCL,58,320.0,320.0,311.2,460,143873.0,311.3,-1.83,2024-09-25 11:09:28.78755,10,317.1,312.77
176,Nepal Insurance Co. Ltd.,NICL,58,965.0,965.0,965.0,490,472850.0,965.0,0.52,2024-09-25 11:09:28.670476,350,960.0,965.0
2898,NRN Infrastructure and Development Limited,NRN,58,919.8,919.8,919.8,10,9198.0,919.8,1.52,2024-09-25 11:09:26.793705,10,906.0,919.8
227,Best Finance Company Ltd.,BFC,58,494.0,494.0,484.2,760,368978.0,484.2,-0.21,2024-09-25 11:09:26.431864,200,485.2,485.5
2934,Singati Hydro Energy Limited,SHEL,58,230.0,233.0,229.4,11546,2674103.0,230.0,-1.71,2024-09-25 11:09:25.949353,266,234.0,231.6
2860,Saptakoshi Development Bank Ltd,SAPDBL,58,483.4,483.4,477.0,62,29638.0,477.0,0.63,2024-09-25 11:09:24.557054,52,474.0,478.03
9217,Mathillo Mailun Khola Jalvidhyut Limited,MMKJL,58,455.0,455.0,455.0,10,4550.0,455.0,-1.3,2024-09-25 11:09:23.842119,10,461.0,455.0
686,Barun Hydropower Co. Ltd.,BARUN,58,325.0,325.0,320.0,650,210250.0,320.0,-0.28,2024-09-25 11:09:22.230387,200,320.9,323.46
8075,Bindhyabasini Hydropower Development Company Limited,BHDC,58,550.0,550.0,550.0,500,275000.0,550.0,1.83,2024-09-25 11:09:21.278553,490,540.1,550.0
2786,Panchakanya Mai Hydropower Ltd,PMHPL,58,244.9,244.9,244.9,100,24490.0,244.9,-1.96,2024-09-25 11:09:21.044346,90,249.8,244.9
695,Janautthan Samudayic Laghubitta Bittya Sanstha Limited,JSLBB,58,1461.0,1579.0,1461.0,255,381659.0,1494.3,0.49,2024-09-25 11:09:20.759789,20,1487.0,1496.7
142,Kumari Bank Limited,KBL,58,210.0,211.1,205.1,13649,2860229.1,211.1,2.53,2024-09-25 11:09:20.200908,709,205.9,209.56
473,Shine Resunga Development Bank Ltd.,SHINE,58,442.6,442.6,437.0,2187,961145.0,440.0,1.38,2024-09-25 11:09:19.26482,500,434.0,439.48
140,Machhapuchhre Bank Limited,MBL,58,233.0,233.0,229.0,30,6949.0,232.9,0.78,2024-09-25 11:09:18.605724,10,231.1,231.63
357,Prime Commercial Bank Ltd.,PCBL,58,266.0,270.0,265.0,1506,399444.2,265.3,-1.01,2024-09-25 11:09:16.262998,50,268.0,265.24
238,NMB Bank Limited,NMB,58,243.2,246.0,241.2,140,33916.0,242.0,-0.49,2024-09-25 11:09:11.18442,50,243.2,242.26
9184,IME Life Insurance Company Limited,ILI,58,457.0,464.0,456.1,1233,563918.9,461.0,-0.43,2024-09-25 11:09:10.920998,50,463.0,457.36
273,ICFC Finance Limited,ICFC,58,640.0,640.0,637.0,200,127700.0,637.0,0.02,2024-09-25 11:09:09.170368,100,636.9,638.5
471,Multipurpose Finance Company  Limited,MPFL,58,575.0,579.0,573.3,1201,689795.3,579.0,-1.03,2024-09-25 11:09:07.622408,10,585.0,574.35
9156,Sanima Middle Tamor Hydropower Limited,TAMOR,58,439.2,441.0,439.2,3020,1326412.0,441.0,-1.58,2024-09-25 11:09:07.544859,10,448.1,439.21
9161,Aatmanirbhar Laghubitta Bittiya Sanstha Limited,ANLB,58,4900.2,5400.0,4804.1,170,860573.0,4908.0,-1.84,2024-09-25 11:09:04.415771,20,5000.2,5062.19
9171,Bhugol Energy Development Company Limited,BEDC,58,453.0,471.2,453.0,60,27460.0,455.6,-1.39,2024-09-25 11:09:02.493641,10,462.0,457.67
706,Suryodaya Womi Laghubitta Bittiya Sanstha Limited,SWMF,58,770.0,770.0,770.0,129,99330.0,770.0,-0.9,2024-09-25 11:09:00.340562,100,777.0,770.0
9170,Dolti Power Company Limited,DOLTI,58,489.6,489.6,475.0,660,316846.0,475.0,-1.04,2024-09-25 11:08:59.634139,10,480.0,480.07
153,Butwal Power Company Limited,BPCL,58,398.3,399.9,392.1,200,78638.0,392.1,0.41,2024-09-25 11:08:58.204375,70,390.5,393.19
131,Nabil Bank Limited,NABIL,58,550.0,560.0,550.0,1471,817427.5,555.0,0.27,2024-09-25 11:08:55.381099,28,553.5,555.7
9212,Mandu Hydropower Limited,MANDU,58,905.0,905.0,895.0,615,551475.0,896.0,-0.99,2024-09-25 11:08:54.359572,40,905.0,896.71
545,Swarojgar Laghubitta Bittiya Sanstha Ltd.,SLBBL,58,1029.0,1029.0,980.0,960,950430.0,980.0,-6.67,2024-09-25 11:08:52.420466,50,1050.0,990.03
428,Karnali Development Bank Limited,KRBL,58,545.0,545.0,545.0,600,327000.0,545.0,0.37,2024-09-25 11:08:51.757625,300,543.0,545.0
8132,Shrijanshil Laghubitta Bittiya Sanstha Limited,SHLB,58,1822.0,1822.0,1822.0,10,18220.0,1822.0,-1.99,2024-09-25 11:08:49.752841,10,1859.0,1822.0
417,Garima Bikas Bank Limited,GBBL,58,420.0,420.0,417.0,700,293705.0,417.0,-0.48,2024-09-25 11:08:48.829689,50,419.0,419.58
8100,Swet-Ganga Hydropower & Construction Limited ,SGHC,58,367.5,367.5,360.2,20,7277.0,360.2,-0.03,2024-09-25 11:08:47.562376,10,360.3,363.85
559,NLG Insurance Company Ltd.,NLG,58,1281.1,1300.0,1281.1,1025,1332163.6,1299.8,-0.09,2024-09-25 11:08:38.597997,15,1301.0,1299.67
180,United Ajod Insurance Limited,UAIL,58,610.0,610.0,600.8,2685,1616105.8,600.8,-1.99,2024-09-25 11:08:37.739199,116,613.0,601.9
179,Himalayan Everest Insurance Limited,HEI,58,635.0,635.0,635.0,200,127000.0,635.0,-0.02,2024-09-25 11:08:36.458957,145,635.1,635.0
8104,Upper Solu Hydro Electric Company Limited,USHEC,58,455.0,456.1,455.0,145,66123.5,456.1,0.91,2024-09-25 11:08:35.422574,10,452.0,456.02
2903,Liberty Energy Company Limited,LEC,58,250.0,256.0,250.0,339,86441.0,250.0,-1.19,2024-09-25 11:08:35.136724,10,253.0,254.99
186,IGI Prudential insurance Limited,IGI,58,575.0,575.0,571.1,1120,643922.0,575.0,0.51,2024-09-25 11:08:33.699506,1000,572.1,574.93
9173,City Hotel Limited,CITY,58,748.0,760.0,748.0,110,83180.0,750.0,0.54,2024-09-25 11:08:31.064765,10,746.0,756.18
2759,Synergy Power Development Ltd.,SPDL,58,267.3,267.3,262.3,120,31526.0,262.3,0.08,2024-09-25 11:08:30.055302,10,262.1,262.72
194,Nepal Finance Ltd.,NFS,58,1270.0,1270.0,1222.0,1510,1885700.0,1245.2,-3.91,2024-09-25 11:08:29.334512,30,1295.9,1248.81
694,Matribhumi Lagubitta Bittiya Sanstha Limited,MATRI,58,1428.9,1514.0,1400.4,280,401898.0,1415.0,-2.95,2024-09-25 11:08:24.97287,10,1458.0,1435.35
9140,Unique Nepal Laghubitta Bittiya Sanstha Limited,UNLB,58,2474.0,2624.0,2403.0,232,578455.5,2466.0,1.65,2024-09-25 11:08:24.182534,10,2426.0,2493.34
8055,Balephi Hydropower Limited,BHL,58,431.0,473.0,431.0,210,94330.0,441.0,0.46,2024-09-25 11:08:23.793272,100,439.0,449.19
8018,Manushi Laghubitta Bittiya Sanstha Limited,MLBS,58,1567.0,1600.0,1567.0,42,66186.0,1600.0,3.96,2024-09-25 11:08:21.374897,10,1539.0,1575.86
2914,United IDI Mardi RB Hydropower Limited.,UMRH,58,417.0,417.0,417.0,20,8340.0,417.0,-1.63,2024-09-25 11:08:18.052886,10,423.9,417.0
8020,Jyoti Bikash Bank Bond 2087,JBBD87,58,1028.1,1028.1,1028.1,1,1072.0,1028.1,0.0,2024-09-25 11:08:08.878992,1,1028.1,1072.0
8106,Global IME Balanced Fund-1,GIBF1,58,10.37,10.37,10.37,100,1037.0,10.37,1.87,2024-09-25 11:08:04.273606,100,10.18,10.37
9181,Rawa Energy Development Limited,RAWA,58,774.0,774.0,730.1,2300,1771071.0,740.0,-2.5,2024-09-25 11:07:59.498196,50,759.0,770.03
2806,Ghalemdi Hydro Limited,GHL,58,201.0,203.0,201.0,1160,234880.0,203.0,1.96,2024-09-25 11:07:54.19607,100,199.1,202.48
137,Everest Bank Limited,EBL,58,609.0,610.0,599.6,2135,1285068.0,599.6,-1.69,2024-09-25 11:07:49.731826,30,609.9,601.91
8041,NESDO Sambridha Laghubitta Bittiya Sanstha Limited,NESDO,58,2061.0,2061.0,2061.0,10,20610.0,2061.0,0.0,2024-09-25 11:07:46.84853,10,2061.0,2061.0
2829,Swabhimaan Laghubitta Bittiya Sanstha Limited,SMFBS,58,1448.0,1499.0,1448.0,324,482432.0,1499.0,5.56,2024-09-25 11:07:36.953346,200,1420.0,1488.99
8076,Himalayan Hydropower Limited,HHL,58,482.5,482.5,464.0,640,303095.0,477.0,-3.11,2024-09-25 11:07:33.427621,20,492.3,473.59
8034,Emerging Nepal Limited,ENL,58,1059.1,1059.1,1059.1,10,10591.0,1059.1,-1.94,2024-09-25 11:07:31.744666,10,1080.1,1059.1
704,NMB  Microfinance Bittiya Sanstha Ltd.,NMBMF,58,655.0,655.0,655.0,50,32750.0,655.0,-1.16,2024-09-25 11:07:15.311547,50,662.7,655.0
8121,Sayapatri Hydropower Limited,SPHL,58,691.4,691.4,688.9,250,172402.0,690.0,1.78,2024-09-25 11:07:06.154957,50,677.9,689.61
184,Prabhu Insurance Ltd.,PRIN,58,958.0,958.0,958.0,10,9580.0,958.0,1.81,2024-09-25 11:07:05.146166,10,941.0,958.0
2917,Chandragiri Hills Limited,CGH,58,859.0,860.4,859.0,20,17194.0,860.4,-0.53,2024-09-25 11:07:03.471575,10,865.0,859.7
561,Sindhu Bikash Bank Ltd,SINDU,58,559.9,559.9,548.8,398,222508.0,559.9,1.99,2024-09-25 11:07:02.596685,200,549.0,559.07
8099,Upper Hewakhola Hydropower Company Limited,UHEWA,58,459.7,459.7,451.0,210,96450.0,451.0,-3.84,2024-09-25 11:07:01.454695,10,469.0,459.29
700,Himalayan Everest Insurance Limited Promoter,HEIP,58,373.1,373.1,373.1,10,3731.0,373.1,2.0,2024-09-25 11:06:54.628983,10,365.8,373.1
9230,Muktinath Krishi Company Limited,MKCL,58,1346.0,1346.0,1346.0,10,13460.0,1346.0,1.97,2024-09-25 11:06:53.235814,10,1320.0,1346.0
371,Miteri Development Bank Limited,MDB,58,606.7,606.7,582.8,550,326468.0,586.0,-1.5,2024-09-25 11:06:49.853732,10,594.9,593.58
8023,Mega Mutual Fund -1,MMF1,58,8.02,8.02,8.02,100,802.0,8.02,-1.47,2024-09-25 11:06:37.646752,100,8.14,8.02
135,Nepal SBI Bank Limited,SBI,58,410.1,418.0,410.1,130,54103.0,418.0,0.26,2024-09-25 11:06:37.050313,100,416.9,416.18
459,Kamana Sewa Bikas Bank Limited,KSBBL,58,449.0,449.0,449.0,15,6735.0,449.0,0.11,2024-09-25 11:06:36.213567,15,448.5,449.0
4951,Jeevan Bikas Laghubitta  Bittya Sanstha Ltd,JBLB,58,1440.0,1440.0,1403.0,5385,7559224.0,1430.0,0.0,2024-09-25 11:06:33.306055,30,1430.0,1403.76
9147,Shuvam Power Limited,SPL,58,808.5,809.0,808.5,30,24265.0,809.0,-1.94,2024-09-25 11:06:21.794103,20,825.0,808.83
155,Salt Trading Corporation,STC,58,5500.0,5500.0,5500.0,49,269500.0,5500.0,-0.36,2024-09-25 11:06:16.869378,20,5520.0,5500.0
9233,Nepal Warehousing Company Limited ,NWCL,58,916.9,929.0,916.9,20,18459.0,929.0,3.34,2024-09-25 11:06:15.859805,10,899.0,922.95
2776,Radhi Bidyut Company Ltd,RADHI,58,366.1,366.1,365.9,2010,735641.0,366.0,1.95,2024-09-25 11:06:12.810792,1800,359.0,365.99
8025,Samling Power Company Limited,SPC,58,539.1,539.1,539.1,10,5391.0,539.1,-1.98,2024-09-25 11:05:57.525493,10,550.0,539.1
256,Samriddhi Finance Company Limited,SFCL,58,518.2,518.2,508.0,60,30582.0,508.0,-0.02,2024-09-25 11:05:51.666322,50,508.1,509.7
9192,Upper Syange Hydropower Limited,USHL,58,861.5,861.5,800.0,10665,8543756.0,815.0,-7.28,2024-09-25 11:05:50.611942,10,879.0,801.1
9203,Manakamana Engineering Hydropower Limited,MEHL,58,374.0,374.0,359.7,155,56905.0,371.0,1.09,2024-09-25 11:05:49.388108,10,367.0,367.13
8131,Eastern Hydropower Limited,EHPL,58,710.0,710.0,710.0,20,14200.0,710.0,-1.39,2024-09-25 11:05:26.610813,10,720.0,710.0
450,Corporate Development Bank Limited,CORBL,58,851.7,851.7,834.7,200,168640.0,834.7,-3.95,2024-09-25 11:05:06.609832,100,869.0,843.2
2811,Mountain Hydro Nepal Limited,MHNL,58,260.0,260.0,260.0,50,13000.0,260.0,0.85,2024-09-25 11:05:05.44239,50,257.8,260.0
9166,Makar Jitumaya Suri Hydropower Limited,MAKAR,58,489.4,489.4,479.7,60,28879.0,479.7,-0.04,2024-09-25 11:05:04.612943,50,479.9,481.32
2935,Ru Ru Jalbidhyut Pariyojana Limited,RURU,58,797.6,797.6,797.6,100,79760.0,797.6,1.99,2024-09-25 11:04:55.982026,100,782.0,797.6
348,Citizens Bank International Limited,CZBIL,58,228.0,228.0,228.0,100,22800.0,228.0,-0.44,2024-09-25 11:04:55.43179,44,229.0,228.0
2787,Kalika power Company Ltd,KPCL,58,454.0,454.0,454.0,14,6356.0,454.0,-0.22,2024-09-25 11:04:52.053443,14,455.0,454.0
2781,Wean Nepal Laghubitta Bittiya Sanstha Limited,WNLB,58,2448.0,2448.0,2448.0,10,24480.0,2448.0,2.0,2024-09-25 11:04:48.777718,10,2400.0,2448.0
9175,Menchhiyam Hydropower Limited,MCHL,58,473.0,473.0,473.0,10,4730.0,473.0,-1.46,2024-09-25 11:04:43.646961,10,480.0,473.0
574,Sana Kisan Bikas Laghubitta Bittiya Sanstha Limited,SKBBL,58,890.0,890.0,890.0,12,10680.0,890.0,1.37,2024-09-25 11:04:13.242278,12,878.0,890.0
274,Excel Development Bank Ltd.,EDBL,58,640.0,665.0,618.0,8230,5296784.3,625.0,-0.76,2024-09-25 11:04:12.308306,50,629.8,643.59
182,Siddhartha Premier Insurance Limited,SPIL,58,830.0,830.0,830.0,16,13280.0,830.0,-0.84,2024-09-25 11:04:12.030096,16,837.0,830.0
2789,Joshi Hydropower Development Company Ltd,JOSHI,58,284.3,295.6,284.3,31,8982.3,295.6,1.93,2024-09-25 11:03:34.179677,10,290.0,289.75
172,Narayani Development Bank Limited,NABBC,58,547.0,547.0,547.0,10,5470.0,547.0,-1.8,2024-09-25 11:03:24.226589,10,557.0,547.0
9208,Upper Lohore Khola Hydropower Company Limited,ULHC,58,375.4,390.0,375.4,40,15312.0,390.0,1.83,2024-09-25 11:03:19.954699,10,383.0,382.8
213,Bottlers Nepal (Terai) Limited,BNT,58,13999.0,13999.0,13999.0,10,139990.0,13999.0,2.0,2024-09-25 11:03:11.050393,10,13725.0,13999.0
9158,Molung Hydropower Company Limited,MHCL,58,357.3,364.0,357.3,30,10853.0,364.0,0.0,2024-09-25 11:03:04.891556,10,364.0,361.77
192,Shikhar Insurance Co. Ltd.,SICL,58,790.0,790.0,790.0,18,14220.0,790.0,-0.11,2024-09-25 11:02:43.898154,18,790.9,790.0
2784,Nadep Laghubittiya bittya Sanstha Ltd.,NADEP,58,1029.0,1029.0,1029.0,10,10290.0,1029.0,1.88,2024-09-25 11:02:37.996136,10,1010.0,1029.0
8066,River Falls Power Limited,RFPL,58,535.0,535.0,535.0,10,5350.0,535.0,1.9,2024-09-25 11:02:04.855254,10,525.0,535.0
2810,UNIVERSAL POWER COMPANY LTD,UPCL,58,245.8,245.8,241.0,500,120596.0,241.0,0.0,2024-09-25 11:01:49.339506,480,241.0,241.19
9218,Trishuli Jal Vidhyut Company Limited ,TVCL,58,441.9,441.9,441.9,10,4419.0,441.9,-1.97,2024-09-25 11:01:31.328438,10,450.8,441.9
8125,NMB Sulav Investment Fund - 2,NSIF2,58,11.54,11.54,11.54,100,1154.0,11.54,1.94,2024-09-25 11:01:20.14629,100,11.32,11.54
2773,Sanima Equity Fund,SAEF,58,10.44,10.44,10.44,100,1044.0,10.44,-1.97,2024-09-25 11:01:20.114857,100,10.65,10.44
2744,Green Development Bank Ltd.,GRDBL,58,635.4,635.4,635.4,10,6354.0,635.4,1.99,2024-09-25 10:46:00.059664,10,623.0,635.4
401,Mahalaxmi Bikas Bank Ltd.,MLBL,58,382.5,382.5,382.5,10,3825.0,382.5,2.0,2024-09-25 10:46:00.034103,10,375.0,382.5
358,Lumbini Bikas Bank Ltd.,LBBL,58,456.9,456.9,456.9,10,4569.0,456.9,1.99,2024-09-25 10:46:00.028755,10,448.0,456.9
2779,NIC Asia Growth Fund,NICGF,58,9.95,9.95,9.95,100,995.0,9.95,-1.97,2024-09-25 10:46:00.009741,100,10.15,9.95
