businessDate,totalTurnover,totalTradedShares,totalTransactions,tradedScrips
2024-09-25,35435502.7,79404,485,121
2024-09-24,5689561356.69,15504929,77264,309
2024-09-23,5660302683.5,13535903,77153,329
2024-09-22,5092948690.69,12485731,72957,325
2024-09-18,5669194961.88,13952121,80378,320
2024-09-16,7361988383.74,17061807,92815,312
2024-09-15,10339235957.45,24846782,119739,324
2024-09-12,8169274612.81,19433154,103462,318
2024-09-11,6851179051.18,15428724,87036,317
2024-09-10,7245568421.39,19077583,93459,328
2024-09-09,9439106425.54,21048911,111986,327
2024-09-08,10122408249.12,22262924,112300,328
2024-09-05,9651513246.31,20153993,112692,316
2024-09-04,12925688215.22,26584192,137163,320
2024-09-03,13577105289.17,30599890,144197,328
2024-09-02,13104631802.67,31430048,160579,335
2024-09-01,10517682349.32,26246435,130632,337
2024-08-29,12243601365.9,28346246,146204,322
2024-08-28,13727368393.64,35007039,168175,326
2024-08-27,18649533170.35,43868970,234360,330
2024-08-25,19740593800.64,42686640,218578,333
2024-08-22,19160652085.56,40951720,216455,333
2024-08-21,18906373792.01,41454611,214319,337
2024-08-18,28836997376.12,65475366,300918,330
2024-08-15,29958519216.95,68980346,311536,334
2024-08-14,23430581150.48,51230340,244019,332
2024-08-13,21515010633.31,52764832,241665,332
2024-08-12,27242034765.89,64876217,283047,339
2024-08-11,25779453509.9,60321323,275207,330
2024-08-08,20070434103.38,50946832,209965,322
2024-08-07,17950918627.83,38041267,212681,330
2024-08-06,23716716874.1,53844237,271587,322
2024-08-05,21864992277.64,49773730,238078,326
2024-08-01,21713431007.74,51321629,229813,332
2024-07-31,21911503161.06,50967951,238272,332
2024-07-30,17266391542.97,40371778,206643,329
2024-07-29,19609177106.29,47790837,222660,325
2024-07-28,15810596235.45,40314517,163810,318
2024-07-25,14137899049.28,35594868,159757,320
2024-07-24,16208577314.53,40747226,188865,311
2024-07-23,14116330995.76,39790889,171387,317
2024-07-22,13915535440.98,39754711,170559,309
2024-07-21,15238271290.98,41195534,177467,315
2024-07-18,15548800738.21,39938237,184712,312
2024-07-17,12059266113.47,32095937,149681,306
2024-07-16,9138629642.41,25836285,119011,315
2024-07-15,8731436037.15,25079079,102372,322
2024-07-14,7620498520.87,22047327,96274,309
2024-07-11,7080698146.05,20237780,87086,331
2024-07-10,5744083391.51,15296739,72714,322
2024-07-09,5535958885.31,11661208,66716,316
2024-07-08,4569836106.0,10475181,59974,324
2024-07-07,6002931854.71,14014622,80838,325
2024-07-04,6482546980.64,22167678,84126,313
2024-07-03,5083528935.17,17134082,61199,314
2024-07-02,4576831720.09,11645905,60720,315
2024-07-01,2999965021.53,7165735,44169,323
2024-06-30,3607198407.66,9178895,50952,320
2024-06-27,3715903824.54,8901195,50281,333
2024-06-26,4058047734.22,8727164,54793,305
2024-06-25,4187796833.89,9435454,60858,319
2024-06-24,5077255116.15,10707878,66519,322
2024-06-23,4374597458.65,9561727,61513,317
2024-06-20,3870744903.34,8663699,53017,306
2024-06-19,3404372632.64,7209757,48706,308
2024-06-18,4055737884.32,9544734,58119,318
2024-06-16,5472253551.85,13223884,71997,317
2024-06-13,6443029208.11,14294712,77400,313
2024-06-12,5894089245.13,12950407,74858,312
2024-06-11,5555361739.06,12665329,74877,311
2024-06-10,5490609782.28,11634618,71948,314
2024-06-09,5189079522.44,10452128,69219,313
2024-06-06,4388278720.38,8813374,59650,322
2024-06-05,3992976492.79,8042767,49733,306
2024-06-04,4084715877.41,8305786,53999,315
2024-06-03,4004070243.6,8820125,59295,316
2024-06-02,4311015629.95,9697206,65654,325
2024-05-30,4217494195.65,9864482,61072,311
2024-05-29,4575063274.39,10738169,63080,314
2024-05-27,3893764143.93,9330295,58483,317
2024-05-26,4441538471.7,11044485,70586,315
2024-05-22,5687680912.8,14419521,78051,318
2024-05-21,5206208111.56,13241217,73667,317
2024-05-20,5854354212.19,14370689,80982,315
2024-05-19,5251024786.63,12240802,74991,323
2024-05-16,4233816403.71,8282556,57218,315
2024-05-15,3708430055.17,8490722,55862,315
2024-05-14,4088853664.8,9855285,59856,320
2024-05-13,3408608157.91,9541017,45828,320
2024-05-12,3155142168.43,7857031,49764,311
2024-05-09,3121286362.59,7058399,49332,313
2024-05-08,2547030825.5,5874967,41137,305
2024-05-07,2140502621.77,5064038,38214,314
2024-05-06,2891319979.88,6978321,48709,310
2024-05-05,3795748296.39,9762803,60523,316
2024-05-02,4133362726.23,9498298,64181,308
2024-04-30,4800044601.66,11838150,75271,320
2024-04-29,2959458501.43,7341177,46511,317
2024-04-28,2682586955.82,6878159,48183,308
2024-04-25,2366975594.12,6312552,42016,303
2024-04-24,2536431998.5,7284272,36483,313
2024-04-22,2058305185.19,5656282,38552,320
2024-04-21,2259959456.89,6393245,47117,310
2024-04-18,2093612792.78,5344613,40912,315
2024-04-16,2103019218.58,5471068,39476,312
2024-04-15,2797577432.68,7223773,50524,314
2024-04-14,3063770943.62,7795023,59041,320
2024-04-10,3485660640.32,8696918,61420,308
2024-04-09,4143783989.11,9789416,72261,315
2024-04-07,4256676333.56,11210102,64221,311
2024-04-04,3037267307.85,6963359,56321,302
2024-04-03,2536233986.67,6481834,52065,322
2024-04-02,2291645585.49,6131621,46235,312
2024-04-01,2874754305.75,7290200,63015,315
2024-03-31,3205332324.76,7957659,67044,316
2024-03-28,2653349468.51,6614445,53619,313
2024-03-27,2235485534.3,6047021,44249,310
2024-03-26,2354348503.01,6842392,49512,310
2024-03-25,2489118485.08,7061012,44236,304
2024-03-21,4313017713.5,18552705,52317,315
2024-03-20,3496284036.16,9445697,60016,305
2024-03-19,3633936554.87,9478933,63801,307
2024-03-18,2885637818.91,7459424,53256,303
2024-03-17,3387980384.33,8406076,63009,304
2024-03-14,3943592302.13,11483617,66107,303
2024-03-13,4248523332.22,10889634,73506,310
2024-03-12,4551632347.82,10609597,82746,305
2024-03-10,2922771558.91,7043457,56726,304
2024-03-07,3199205820.35,8929152,47699,309
2024-03-06,3450838357.2,9138154,58940,308
2024-03-05,4113676958.02,11467599,69208,316
2024-03-04,375209978.32,934919,3863,237
2024-03-03,2082786089.08,5574207,45442,309
2024-02-29,2598737228.86,7446991,48349,309
2024-02-28,2038100977.42,5115658,41679,308
2024-02-27,1869813526.21,5239416,40951,308
2024-02-26,2017739060.68,5988717,49940,314
2024-02-25,3086951070.51,8546930,71880,317
2024-02-22,3206167025.37,9518075,77833,309
2024-02-21,2241961799.37,6341174,58362,313
2024-02-20,3113556978.43,9342546,76803,314
2024-02-18,3775422196.17,10772483,97105,315
2024-02-15,3869118741.98,11407264,81056,305
2024-02-14,4252722895.26,12363027,74675,302
2024-02-13,4667179304.14,12165202,82899,305
2024-02-12,3586984128.48,10108122,75105,314
2024-02-11,4085678472.16,10571199,83877,305
2024-02-08,3212283453.63,9171710,67273,317
2024-02-07,2842550237.47,7732234,65463,313
2024-02-06,2591534907.76,7624376,66559,315
2024-02-05,2438058254.56,7491303,56775,310
2024-02-04,3216727221.79,9272782,70790,307
2024-02-01,4180632139.37,11514571,80029,309
2024-01-31,5295605057.48,14777120,95645,313
2024-01-30,5544217593.12,15178368,117059,308
2024-01-29,4566522230.82,12322705,103153,311
2024-01-28,3833776580.76,10751164,100782,306
2024-01-25,3764505450.98,11689955,91364,304
2024-01-24,3897022598.98,11049949,90210,311
2024-01-23,4294566751.66,11801360,117566,310
2024-01-22,6366070003.35,18043244,150543,307
2024-01-21,7677740058.04,22820279,166983,308
2024-01-18,8174986282.97,21125776,304023,298
2024-01-17,9768969868.61,33525702,210471,300
2024-01-16,8023862406.69,23370053,133061,304
2024-01-14,5450421806.4,16605234,94526,314
2024-01-11,4307763277.27,22132768,79389,307
2024-01-10,5134848789.38,13477946,92602,301
2024-01-09,6118317866.67,17949562,104619,309
2024-01-08,4675224906.28,13709276,99524,309
2024-01-07,5241408379.85,15268399,98632,304
2024-01-04,5581107804.7,16052101,108403,303
2024-01-03,4048857454.59,10500498,96252,306
2024-01-02,4044659922.73,11185712,85435,305
2024-01-01,4483982461.34,11892559,102905,306
2023-12-28,4290932297.6,11658110,101504,303
2023-12-27,5248782611.37,14337738,117476,307
2023-12-24,7111733829.8,18589379,128356,309
2023-12-21,6274324811.9,17172149,111980,304
2023-12-20,7009575176.13,19963604,111723,306
2023-12-19,5984699175.73,16457138,99641,313
2023-12-18,6868177565.83,21497619,113693,305
2023-12-17,5157846979.05,17166465,101128,295
2023-12-14,3151635750.12,9637455,66955,300
2023-12-13,3909198570.27,12095539,81451,292
2023-12-12,4309019196.26,12463168,95433,297
2023-12-11,4842774386.84,14698517,109918,303
2023-12-10,482482239.15,1367615,7014,244
2023-12-07,2799146433.95,9505608,53146,299
2023-12-06,1141812382.78,3755124,34971,293
2023-12-05,1544935438.34,4698682,38584,292
2023-12-04,1197257894.69,3896287,43428,292
2023-12-03,964010431.27,3419073,36977,293
2023-11-30,1323519357.21,4595553,37031,289
2023-11-29,1236642242.76,4900897,34747,286
2023-11-28,1280228971.86,4727902,47333,290
2023-11-27,1754750755.82,6017397,52480,290
2023-11-26,2011763358.52,6530643,66516,294
2023-11-23,1348347430.3,4420518,48493,292
2023-11-22,1087098495.59,4213285,43583,294
2023-11-21,950479583.91,3675101,37607,285
2023-11-20,1099318029.7,3319558,44727,284
2023-11-09,836005656.08,2833731,27845,282
2023-11-08,782743264.94,3157062,30364,288
2023-11-07,996586291.9,4331229,40600,285
2023-11-06,938929040.59,3555670,47231,283
2023-11-05,972367278.92,3558554,39322,289
2023-11-02,964477711.41,3749954,45763,281
2023-11-01,812089291.31,3364056,77870,296
2023-10-31,571483276.48,2258187,25625,286
2023-10-30,694222217.37,2824007,30237,287
2023-10-29,742925392.56,2712123,34090,283
2023-10-19,970612892.03,3766153,25520,284
2023-10-18,934894218.15,3772023,31788,286
2023-10-17,1008437860.61,3813233,45456,289
2023-10-16,1253291070.96,4837893,69832,284
2023-10-12,1700129815.0,7558542,62046,292
2023-10-11,1088547980.13,3733524,55197,286
2023-10-10,1283182145.32,4287424,44069,282
2023-10-09,1170172722.08,4327179,48444,287
2023-10-08,1801766294.08,5815189,59171,289
2023-10-05,1106519418.2,3562624,50069,280
2023-10-04,1189931385.37,4323021,58741,284
2023-10-03,1199101324.81,3965917,55096,281
2023-10-02,1737314092.32,5776896,85591,286
2023-10-01,1830486743.11,6723400,82800,284
2023-09-27,1814359022.2,7061404,58367,282
2023-09-26,2093809518.54,8704477,78616,286
2023-09-25,1565573471.78,6516006,78421,284
