businessDate,senMarCap,senFloatMarCap,floatMarCap,marCap
2024-09-24,1984234.48,763537.14,1382950.34,3928121.69
2024-09-23,2026725.68,779334.91,1415067.44,4021834.58
2024-09-22,2066962.54,794279.36,1447644.88,4115682.08
2024-09-18,2051315.71,788284.4,1440359.22,4097253.67
2024-09-16,2052169.86,787403.66,1441169.9,4103619.21
2024-09-15,2090268.46,801483.05,1472793.38,4194308.63
2024-09-12,2125127.77,814748.64,1500713.21,4274977.59
2024-09-11,2065383.58,791706.18,1457013.7,4150447.83
2024-09-10,2084593.62,798558.79,1469732.41,4186597.0
2024-09-09,2092648.7,802125.07,1477193.07,4207193.57
2024-09-08,2139632.58,820688.09,1511104.93,4296017.21
2024-09-05,2169216.43,832315.56,1527293.7,4336499.48
2024-09-04,2174846.26,837295.74,1534933.63,4350832.89
2024-09-03,2247462.95,864691.0,1586180.93,4494941.57
2024-09-02,2242096.46,861552.6,1581701.27,4483914.97
2024-09-01,2139985.1,822761.95,1508392.22,4281696.98
2024-08-29,2179649.64,838630.6,1540046.67,4366886.06
2024-08-28,2216836.43,852942.16,1561879.64,4425391.57
2024-08-27,2209353.17,850429.47,1560225.33,4419356.21
2024-08-25,2311130.11,890084.91,1624909.65,4597185.95
2024-08-22,1636362.13,589699.81,1669920.06,4724059.31
2024-08-21,1624856.58,584389.33,1663119.04,4714500.81
2024-08-18,1621005.53,581696.18,1661800.72,4711149.45
2024-08-15,1641407.15,586777.0,1680161.97,4765909.89
2024-08-14,1592311.41,565396.96,1645538.95,4697527.47
2024-08-13,1566742.06,556600.6,1624635.15,4643064.97
2024-08-12,1568164.04,558264.61,1623178.97,4653434.98
2024-08-11,1535835.81,544723.83,1576924.16,4541033.27
2024-08-08,1480044.91,518815.48,1500262.38,4391093.24
2024-08-07,1479384.36,519255.79,1496983.21,4380455.09
2024-08-06,1421536.26,499618.65,1440834.29,4208469.54
2024-08-05,1504828.39,532067.06,1524742.91,4438722.1
2024-08-01,1506155.57,537212.28,1510393.22,4372369.65
2024-07-31,1516219.67,542059.79,1512437.43,4380771.16
2024-07-30,1483623.48,531157.59,1478546.07,4278797.73
2024-07-29,1473743.57,527102.22,1461433.76,4222386.67
2024-07-28,1488078.23,533372.58,1473697.11,4254865.69
2024-07-25,1406213.83,500553.26,1403238.59,4074886.6
2024-07-24,1384452.27,491283.79,1383435.93,4024066.37
2024-07-23,1403570.49,497727.59,1396173.1,4067421.52
2024-07-22,1371778.81,485355.11,1355025.86,3947883.35
2024-07-21,1374503.66,487677.86,1357571.09,3944462.28
2024-07-18,1333134.3,473531.98,1323178.82,3846697.61
2024-07-17,1283075.23,455544.14,1286258.75,3751988.2
2024-07-16,1251727.55,443915.86,1256100.04,3666238.31
2024-07-15,1214029.86,429716.76,1215431.42,3553677.24
2024-07-14,1226478.97,435202.01,1226370.77,3580936.43
2024-07-11,1197160.92,424629.82,1196214.67,3496902.36
2024-07-10,1179115.01,417825.42,1179296.57,3450570.14
2024-07-09,1164357.52,412323.35,1166023.52,3413676.41
2024-07-08,1153730.86,407975.46,1157168.98,3388620.89
2024-07-07,1156079.78,408971.6,1159432.74,3395961.18
2024-07-04,1145315.72,405603.68,1149046.91,3362216.09
2024-07-03,1139667.8,402262.11,1139374.06,3336679.84
2024-07-02,1133137.14,398838.49,1135165.68,3330660.81
2024-07-01,1105799.79,388420.54,1108411.88,3256061.44
2024-06-30,1096583.38,383855.67,1097496.88,3230217.75
2024-06-27,1103992.13,382616.63,1101486.78,3253744.77
2024-06-26,1108762.08,384127.85,1106155.1,3266813.13
2024-06-25,1115728.3,387276.49,1113252.59,3285216.9
2024-06-24,1115094.82,387793.01,1111695.36,3276326.37
2024-06-23,1113900.23,386979.31,1109755.87,3271221.4
2024-06-20,1115839.54,387498.55,1112644.74,3279736.86
2024-06-19,1124088.75,390533.87,1118493.07,3296296.37
2024-06-18,1122406.13,389771.52,1117237.1,3292695.33
2024-06-16,1133787.22,393955.85,1128312.77,3322455.1
2024-06-13,1143732.61,397972.81,1137825.43,3349475.46
2024-06-12,1145962.57,398372.39,1141747.46,3364266.88
2024-06-11,1140842.98,396440.03,1137566.62,3354153.22
2024-06-10,1128047.5,391038.42,1117525.09,3301580.01
2024-06-09,1125389.13,389797.73,1112444.62,3287461.76
2024-06-06,1131990.28,392514.3,1116292.75,3294741.79
2024-06-05,1135878.74,394204.52,1119080.1,3297812.56
2024-06-04,1137133.64,394893.85,1122993.63,3306664.13
2024-06-03,1131143.31,393528.15,1120389.03,3296786.56
2024-06-02,1135988.38,394983.22,1122543.51,3303095.01
2024-05-30,1131542.63,392076.34,1113105.63,3281668.01
2024-05-29,1143466.1,397758.87,1126594.91,3313211.83
2024-05-27,1158214.91,405404.46,1143578.0,3350977.7
2024-05-26,1159159.73,405671.13,1142930.57,3344797.64
2024-05-22,1169678.92,409895.39,1155435.28,3379910.34
2024-05-21,1154184.87,402658.84,1143335.87,3355261.63
2024-05-20,1143388.31,396847.85,1128017.19,3317296.58
2024-05-19,1121042.55,387797.71,1111377.29,3273617.16
2024-05-16,1095395.74,377269.38,1083612.65,3201164.97
2024-05-15,1094382.65,376756.64,1083796.2,3199739.28
2024-05-14,1101017.2,379297.1,1089662.38,3214868.4
2024-05-13,1090005.2,375344.89,1074605.35,3169484.29
2024-05-12,1072159.82,368907.86,1060496.75,3130810.75
2024-05-09,1071489.66,368731.1,1056047.69,3117702.15
2024-05-08,1067846.35,367629.33,1052842.51,3108774.98
2024-05-07,1068375.56,367327.58,1052106.94,3109115.89
2024-05-06,1062949.27,365917.61,1051402.53,3105839.2
2024-05-05,1073287.53,369226.45,1059898.26,3130617.6
2024-05-02,1088165.47,375104.1,1073448.48,3169607.18
2024-04-30,1092700.15,376775.14,1078346.36,3181201.63
2024-04-29,1075629.12,369739.68,1062514.92,3140074.61
2024-04-28,1072118.87,367634.05,1061394.54,3139963.01
2024-04-25,1064097.86,364713.92,1053280.77,3117226.25
2024-04-24,1065248.23,365205.83,1054767.43,3122370.33
2024-04-22,1063389.16,364818.65,1054843.8,3122126.15
2024-04-21,1071967.82,368262.44,1063594.58,3146565.33
2024-04-18,1071097.37,368344.58,1058563.72,3127075.87
2024-04-16,1080397.33,371523.18,1067768.67,3158104.56
2024-04-15,1087320.8,371701.23,1073027.24,3181590.56
2024-04-14,1094743.32,374360.44,1081707.31,3208270.1
2024-04-10,1094697.43,374644.01,1083398.79,3212008.09
2024-04-09,1100698.64,376511.41,1089726.94,3228349.37
2024-04-07,1098382.9,375399.05,1084664.29,3213762.23
2024-04-04,1086238.03,370898.07,1073245.84,3177675.55
2024-04-03,1087293.81,371297.15,1073583.27,3182004.62
2024-04-02,1088609.12,372169.12,1075078.08,3187445.13
2024-04-01,1086977.17,371585.55,1076121.73,3190386.61
2024-03-31,1089774.25,372618.73,1079059.75,3200318.33
2024-03-28,1097458.28,375336.88,1086943.48,3227759.75
2024-03-27,1098577.37,376131.06,1085885.27,3220175.93
2024-03-26,1105219.92,378510.95,1092511.64,3237362.68
2024-03-25,1102578.73,377701.45,1088580.92,3221281.7
2024-03-21,1116780.52,383252.13,1099292.12,3248257.35
2024-03-20,1124766.78,386132.94,1108319.1,3272643.14
2024-03-19,1125879.86,385856.95,1109551.52,3277943.05
2024-03-18,1129434.45,387205.85,1109459.15,3259312.75
2024-03-17,1125448.37,386416.03,1107682.84,3254157.16
2024-03-14,1130204.04,387833.95,1113229.95,3270858.87
2024-03-13,1144995.18,393620.28,1128277.08,3314629.68
2024-03-12,1146480.47,393908.41,1130474.34,3318542.21
2024-03-10,1114065.89,381886.83,1097517.3,3226497.96
2024-03-07,1101045.64,377217.09,1090692.49,3191757.9
2024-03-06,1095236.11,375168.65,1082918.93,3170506.7
2024-03-05,1091969.06,374063.83,1078560.72,3155827.14
2024-03-04,1128556.1,386790.25,1116201.83,3266349.28
2024-03-03,1068836.39,365266.53,1051792.37,3081336.17
2024-02-29,1074725.08,367429.1,1058396.02,3099862.02
2024-02-28,1089391.37,371933.28,1073324.26,3145051.49
2024-02-27,1091339.65,373598.84,1076785.64,3146419.29
2024-02-26,1087927.17,372027.55,1071712.89,3131737.12
2024-02-25,1081364.75,370047.54,1065335.64,3110855.79
2024-02-22,1098919.14,376583.32,1080580.78,3153000.66
2024-02-21,1109606.36,380482.47,1091950.05,3185638.79
2024-02-20,1113416.69,382204.91,1096041.3,3195796.78
2024-02-18,1116114.35,383177.83,1097769.6,3198569.81
2024-02-15,1126376.0,386459.66,1112491.16,3241345.0
2024-02-14,1137726.12,390356.18,1119795.63,3264089.51
2024-02-13,1130765.55,387864.61,1116725.0,3254794.21
2024-02-12,1149092.09,394118.51,1133095.05,3302841.81
2024-02-11,1145299.61,393463.85,1125995.4,3278733.77
2024-02-08,1157191.25,396905.44,1130966.11,3295242.63
2024-02-07,1155133.43,396289.16,1127699.72,3286308.49
2024-02-06,1154708.22,395367.12,1123945.88,3278570.26
2024-02-05,1159158.11,394620.49,1116968.26,3263725.54
2024-02-04,1140172.93,391504.21,1112748.14,3240042.77
2024-02-01,1142034.33,392140.78,1115548.79,3248393.9
2024-01-31,1156383.36,397205.78,1131988.92,3296989.96
2024-01-30,1165792.12,401124.57,1144400.39,3331048.64
2024-01-29,1163801.62,400796.6,1138649.87,3307659.2
2024-01-28,1159297.88,399854.33,1133925.02,3289664.96
2024-01-25,1157059.51,399056.84,1129099.47,3273370.69
2024-01-24,1160006.19,399620.56,1130729.27,3279572.11
2024-01-23,1162251.44,400313.71,1136329.71,3295675.16
2024-01-22,1162841.68,401046.64,1137254.35,3296303.48
2024-01-21,1177616.39,406623.34,1154668.37,3345765.66
2024-01-18,1200239.33,415389.99,1170831.04,3386036.79
2024-01-17,1208423.61,418161.08,1175717.27,3397411.86
2024-01-16,1211835.01,419645.76,1181527.2,3416424.11
2024-01-14,1183593.43,409030.7,1150136.31,3330750.06
2024-01-11,1171306.82,404690.26,1133535.43,3281071.06
2024-01-10,1177988.62,405567.72,1133285.02,3282060.39
2024-01-09,1167615.23,402395.24,1128670.77,3267137.96
2024-01-08,1150401.4,396592.45,1116779.83,3234739.65
2024-01-07,1137359.13,392044.43,1087739.2,3143888.68
2024-01-04,1156144.45,397580.87,1100990.92,3183416.94
2024-01-03,1171781.56,400208.9,1104349.69,3196956.07
2024-01-02,1160301.5,396778.71,1089809.37,3153611.03
2024-01-01,1174162.64,401890.64,1105081.28,3200300.91
2023-12-28,1175294.88,402206.42,1110722.5,3213894.07
2023-12-27,1180254.55,404031.38,1112765.92,3216896.47
2023-12-24,1193233.84,403067.89,1116134.97,3243666.42
2023-12-21,1209369.16,409444.26,1128071.91,3276337.16
2023-12-20,1227689.14,417155.0,1146337.27,3316496.9
2023-12-19,1212626.49,412228.74,1129997.91,3261691.52
2023-12-18,1191116.86,404280.1,1105150.85,3178160.75
2023-12-17,1161947.72,394426.76,1084715.19,3119326.44
2023-12-14,1147612.36,390134.65,1071419.34,3076523.83
2023-12-13,1144361.4,388930.95,1068247.64,3065040.19
2023-12-12,1141499.66,387123.51,1067026.23,3061021.93
2023-12-11,1126410.91,382813.99,1049486.13,3004505.31
2023-12-10,1139640.27,387652.09,1058037.89,3028265.51
2023-12-07,1074188.25,363867.32,997841.69,2862255.59
2023-12-06,1069355.4,362279.91,990019.66,2838695.57
2023-12-05,1070472.81,362331.72,988457.37,2833561.05
2023-12-04,1077015.39,363826.59,992765.44,2849022.67
2023-12-03,1080738.38,365705.29,994665.96,2854298.1
2023-11-30,1085772.78,367644.08,998496.33,2865547.19
2023-11-29,1094315.73,371348.53,1008697.48,2893404.82
2023-11-28,1103349.04,374641.81,1019061.36,2921062.7
2023-11-27,1105972.49,375129.37,1020113.92,2924421.01
2023-11-26,1112375.88,377402.41,1026438.66,2941744.77
2023-11-23,1088492.17,369824.71,1000726.63,2868120.36
2023-11-22,1080048.95,366612.41,995347.18,2852901.53
2023-11-21,1073466.28,365050.95,985722.76,2821018.19
2023-11-20,1087155.78,369881.17,998354.8,2857759.01
2023-11-09,1088683.9,370847.91,996737.62,2853013.95
2023-11-08,1092849.34,372298.37,1002028.93,2871274.31
2023-11-07,1092200.58,372253.74,999909.82,2863302.35
2023-11-06,1084682.92,369988.11,995071.57,2846011.28
2023-11-05,1074518.54,366938.21,984820.08,2813192.72
2023-11-02,1090876.2,373620.88,997355.09,2846261.15
2023-11-01,1097561.26,376452.14,1003859.31,2862993.26
2023-10-31,1100100.1,377421.28,1007342.2,2871987.9
2023-10-30,1107256.2,380447.95,1015915.36,2894015.4
2023-10-29,1103634.41,378743.12,1014153.32,2889322.56
2023-10-19,1119388.36,384520.95,1025084.5,2921720.46
2023-10-18,1118976.15,384444.49,1027580.5,2927936.26
2023-10-17,1094134.33,375077.81,1003141.59,2861524.32
2023-10-16,1084733.97,371572.77,995337.37,2841293.12
2023-10-12,1095062.17,375771.68,1007653.13,2876841.72
2023-10-11,1104069.95,379180.84,1017819.52,2902991.55
2023-10-10,1101705.12,378459.55,1013591.25,2882172.94
2023-10-09,1112249.26,382418.62,1024331.26,2911251.53
2023-10-08,1120797.48,385938.87,1031636.54,2930449.12
2023-10-05,1138473.41,392566.39,1050794.34,2983881.58
2023-10-04,1143144.48,394208.12,1056879.82,3000727.98
2023-10-03,1141586.19,394030.5,1051950.59,2986631.45
2023-10-02,1152771.36,398261.03,1061189.33,3013419.45
2023-10-01,1150736.11,397464.58,1058211.61,3005497.49
2023-09-27,1167660.1,403190.29,1070854.02,3038694.08
2023-09-26,1177714.9,406702.86,1080310.94,3066902.19
2023-09-25,1169900.85,403783.27,1070713.8,3038928.51
