securityId,symbol,securityName,closingPriceAverage,totalTradedAmount,totalTradedShares,totalTrades,weightedAverage,closePrice,closingDate
2790,ACLBSL,Aarambha Chautari Laghubitta Bittiya Sanstha Limited,1132.38,1290543421.1,1116481,18413,1155.9,982.0,2024-09-24
397,ADBL,Agricultural Development Bank Limited,326.79,4253665737.0,11748982,51798,362.05,351.2,2024-09-24
2886,ADBLD83,10.35% Agricultural Bank Debenture 2083,1090.4,14510765.6,13325,154,1088.99,1091.0,2024-09-24
9150,AHL,Asian Hydropower Limited,610.21,1192882973.3,1871667,20500,637.34,627.0,2024-09-24
360,AHPC,Arun Valley Hydropower Development Co. Ltd.,220.02,11162803403.5,43248742,123717,258.11,252.2,2024-09-24
2788,AKJCL,Ankhu Khola Jalvidhyut Company Ltd,213.82,2416762657.3,10955017,51590,220.61,194.9,2024-09-24
2757,AKPL,Arun Kabeli Power Ltd.,212.62,6864889927.5,27511222,96225,249.53,219.1,2024-09-24
2807,ALBSL,Asha Laghubitta Bittiya Sanstha Ltd,1042.52,1287226150.1,1223066,19755,1052.46,1000.0,2024-09-24
2808,ALBSLP,Asha Laghubitta Bittiya Sanstha Ltd Promoter Share,542.0,92674954.0,170987,11,542.0,542.0,2024-09-24
385,ALICL,Asian Life Insurance Co. Limited,664.88,4130739202.7,5808248,28577,711.19,665.0,2024-09-24
9161,ANLB,Aatmanirbhar Laghubitta Bittiya Sanstha Limited,3174.39,966048008.1,303470,8893,3183.34,5000.2,2024-09-24
697,API,Api Power Company Ltd.,243.38,14115686516.9,48046122,160211,293.79,301.0,2024-09-24
8117,AVYAN,Aviyan Laghubitta Bittiya Sanstha Limited,980.02,1116364719.8,1120331,17951,996.46,879.0,2024-09-24
686,BARUN,Barun Hydropower Co. Ltd.,327.99,3392058285.3,9889470,36360,343.0,320.9,2024-09-24
156,BBC,Bishal Bazar Company Limited,4292.98,317567385.4,71693,3460,4429.55,4111.0,2024-09-24
9171,BEDC,Bhugol Energy Development Company Limited,453.78,1016110184.7,2227545,25921,456.16,462.0,2024-09-24
227,BFC,Best Finance Company Ltd.,540.45,3754777918.6,6555478,46570,572.77,485.2,2024-09-24
9214,BGWT,Bhagawati Hydropower Development Company Limited,975.21,1668778729.5,1741884,26006,958.03,930.0,2024-09-24
8075,BHDC,Bindhyabasini Hydropower Development Company Limited,617.05,1367133109.5,2162445,20657,632.22,540.1,2024-09-24
8055,BHL,Balephi Hydropower Limited,401.57,1175811069.0,2784049,25141,422.34,439.0,2024-09-24
9135,BHPL,Barahi Hydropower Public Limited,672.21,719633566.0,1070297,14544,672.37,698.0,2024-09-24
8032,BNHC,Buddha Bhumi Nepal Hydropower Company Limited,618.33,947313512.14,1486544,15393,637.26,460.0,2024-09-24
195,BNL,Bottlers Nepal (Balaju) Limited,17130.05,102071389.4,5690,466,17938.73,15800.1,2024-09-24
213,BNT,Bottlers Nepal (Terai) Limited,14277.86,773731307.4,50547,3309,15307.17,13725.0,2024-09-24
4961,BOKD86,8.5% BOK Debenture 2086,996.08,12808574.0,12718,206,1007.12,1042.0,2024-09-24
9136,BOKD86KA,"BOK Debenture 2086 ""KA""",1063.13,1095475.0,1035,37,1058.43,1124.0,2024-09-24
153,BPCL,Butwal Power Company Limited,370.95,2589306970.5,5964301,35112,434.13,390.5,2024-09-24
9191,C30MF,Citizens Super 30 Mutual Fund,9.53,94630323.8,9449060,1016,10.01,10.0,2024-09-24
164,CBBL,Chhimek Laghubitta Bittiya Sanstha Limited,943.77,2908637526.2,2891520,32775,1005.92,911.0,2024-09-24
8043,CBLD88,Civil Bank Debenture 2088,1064.5,10235201.5,9518,229,1075.35,1095.1,2024-09-24
8068,CCBD88,Century Debenture 2088,1093.53,8992387.0,8174,136,1100.12,1108.0,2024-09-24
245,CFCL,Central Finance Co. Ltd.,563.91,5089730449.2,8435013,56266,603.41,499.1,2024-09-24
2917,CGH,Chandragiri Hills Limited,991.93,4109408686.3,3891746,40790,1055.93,865.0,2024-09-24
154,CHCL,Chilime Hydropower Company Limited,525.24,6415126035.7,10822605,43090,592.75,538.0,2024-09-24
3946,CHDC,CEDB Hydropower Development Company Limited,1442.21,15091591955.5,10225042,83068,1475.94,1684.0,2024-09-24
2766,CHL,Chhyangdi Hydropower Ltd.,350.61,1186763988.6,3221495,18781,368.39,323.0,2024-09-24
210,CIT,Citizen Investment Trust,2203.72,5853500199.0,2529315,41390,2314.26,2112.0,2024-09-24
9173,CITY,City Hotel Limited,811.35,3143840092.7,3724192,39571,844.17,746.0,2024-09-24
2889,CIZBD86,10.25% Citizens Bank Debenture 2086,1051.45,990225.0,950,24,1042.34,1070.0,2024-09-24
9231,CIZBD90,10% Citizens Bank Debenture 2090,1045.28,4057281.8,3879,140,1045.96,1075.0,2024-09-24
9232,CKHL,Chirkhwa Hydropower Limited ,636.33,775592652.9,1205033,16823,643.63,630.0,2024-09-24
9209,CLI,Citizen Life Insurance Company Limited,576.0,4397479059.9,7322954,110641,600.51,600.0,2024-09-24
2780,CMF1,Citizens Mutual Fund -1,9.87,47556046.66,4632501,1269,10.27,10.55,2024-09-24
2862,CMF2,CITIZENS MUTUAL FUND 2,9.26,27309178.85,2757090,1044,9.91,9.37,2024-09-24
450,CORBL,Corporate Development Bank Limited,666.6,813057817.6,1145970,8774,709.49,869.0,2024-09-24
8065,CYCL,CYC Nepal Laghubitta Bittiya Sanstha Limited,1536.07,1140837410.8,735020,16711,1552.12,1549.0,2024-09-24
348,CZBIL,Citizens Bank International Limited,211.87,2947840359.0,12292701,38516,239.8,229.0,2024-09-24
493,CZBILP,Citizens Bank Internatioal Limited Promoter Share,102.0,26681160.0,261580,3,102.0,102.0,2024-09-24
166,DDBL,Deprosc Laghubitta Bittiya Sanstha Limited,903.76,2501565511.8,2646360,23012,945.29,865.9,2024-09-24
2754,DHPL,Dibyashwori Hydropower Ltd.,230.23,811269786.9,3361981,33737,241.31,229.0,2024-09-24
8123,DLBS,Dhaulagiri Laghubitta Bittiya Sanstha Limited,1317.71,508585504.6,377727,9219,1346.44,1287.0,2024-09-24
9170,DOLTI,Dolti Power Company Limited,500.87,1809606264.7,3311010,32521,546.54,480.0,2024-09-24
8070,DORDI,Dordi Khola Jal Bidyut Company Limited,462.9,1385690571.9,2919377,28724,474.65,440.0,2024-09-24
137,EBL,Everest Bank Limited,620.26,6407444483.1,9465261,43685,676.94,609.9,2024-09-24
8119,EBLD85,10.50% Everest Bank Limited Debenture 2085,1091.12,5491971.6,5000,140,1098.39,1112.0,2024-09-24
8044,EBLD86,Everest Bank Limited,990.6,22675873.6,22678,233,999.91,1021.0,2024-09-24
274,EDBL,Excel Development Bank Ltd.,500.66,3831606927.3,6870302,26511,557.71,629.8,2024-09-24
8131,EHPL,Eastern Hydropower Limited,597.43,987140916.3,1601871,15817,616.24,720.0,2024-09-24
8034,ENL,Emerging Nepal Limited,1142.96,1031049286.7,891922,12693,1155.99,1080.1,2024-09-24
490,FMDBL,First Micro Finance Laghubitta Bittiya Sanstha Limited,757.54,4575104101.1,5736755,35968,797.51,692.0,2024-09-24
722,FMDBLP,First Micro Finance Laghubitta Bittiya Sanstha Limited Promoter Share,370.0,3330000.0,9000,2,370.0,370.0,2024-09-24
2758,FOWAD,Forward Microfinance Laghubitta Bittiya Sanstha Limited,1431.4,1271613220.8,860456,12482,1477.84,1343.0,2024-09-24
8033,GBBD85,"Garima Debenture, 2085",994.96,78702186.1,76517,410,1028.56,1020.0,2024-09-24
417,GBBL,Garima Bikas Bank Limited,416.53,4044718796.6,8977147,41690,450.56,419.0,2024-09-24
623,GBBLPO,Garima Bikas Bank Limited Promoter Share,205.0,56760605.0,276881,7,205.0,205.0,2024-09-24
9168,GBILD84/85,"Global IME Bank Debenture, 2084/85",1147.74,144001436.5,120683,176,1193.22,1155.0,2024-09-24
8004,GBILD86/87,Global IME Bank Limited Debenture 2086/87,993.24,90547418.9,88871,161,1018.86,1005.0,2024-09-24
341,GBIME,Global IME Bank Limited,218.43,6396200846.0,26361213,102696,242.64,234.9,2024-09-24
511,GBIMEP,Global IME Bank Ltd. Promoter Share,100.0,390540400.0,3905404,18,100.0,100.0,2024-09-24
583,GBLBS,Grameen Bikas Laghubitta Bittiya Sanstha Ltd.,811.97,1716499332.7,2034866,20591,843.54,679.9,2024-09-24
9193,GCIL,Ghorahi Cement Industry Limited,517.89,4263800797.2,7727874,86555,551.74,471.0,2024-09-24
232,GFCL,Goodwill Finance Limited,782.29,9793430560.15,10782535,72964,908.27,761.0,2024-09-24
2806,GHL,Ghalemdi Hydro Limited,190.71,5328188139.4,25062854,72586,212.59,199.1,2024-09-24
8106,GIBF1,Global IME Balanced Fund-1,9.34,69759784.74,7076373,2520,9.86,10.18,2024-09-24
705,GILB,Global IME Laghubitta Bittiya Sanstha Ltd.,1399.53,2921472724.7,2021508,24217,1445.19,1145.0,2024-09-24
2826,GLBSL,Gurans Laghubitta Bittiya Sanstha Limited,1853.02,703278697.2,373260,8624,1884.15,1689.0,2024-09-24
2924,GLH,GreenLife Hydropower Limited,247.38,3102295948.4,11911361,50055,260.45,229.0,2024-09-24
2815,GMFBS,Ganapati Laghubitta Bittiya Sanstha Limited,1644.47,1698676841.2,979817,13803,1733.67,1445.0,2024-09-24
263,GMFIL,Guheshowori Merchant Bank & Finance Co. Ltd.,534.07,3793442379.0,6618431,31748,573.16,493.0,2024-09-24
2744,GRDBL,Green Development Bank Ltd.,574.8,1466561766.8,2382432,14564,615.57,623.0,2024-09-24
2745,GRDBLP,Green Development Bank Ltd. Promoter Share,277.0,2864180.0,10340,1,277.0,277.0,2024-09-24
204,GUFL,Gurkhas Finance Ltd.,766.54,5254658095.6,6562544,55722,800.7,652.0,2024-09-24
315,GUFLPO,Gurkhas Finance  Ltd. Promoter Share,434.33,22353832.0,60968,4,366.65,474.0,2024-09-24
8045,GVL,Green Ventures Limited,578.69,2918349205.6,5019741,41279,581.37,571.0,2024-09-24
2883,GWFD83,12 % Goodwill Finance Limited Debenture 2083,1215.33,10513249.9,8721,118,1205.51,1240.0,2024-09-24
9221,H8020,Himalayan 80-20,9.55,52405546.68,5311398,1814,9.87,9.99,2024-09-24
9213,HATHY,Hathway Investment Nepal Limited,1224.91,8091422954.7,6242509,63316,1296.18,1305.0,2024-09-24
134,HBL,Himalayan Bank Limited,226.77,2776018600.6,10850218,44350,255.85,242.0,2024-09-24
2873,HBLD83,10% Himalayan Bank Debenture 2083,1052.36,2208600.0,2105,40,1049.22,1073.0,2024-09-24
9137,HBLD86,"Himalayan Bank Limited Bond, 2086",1073.16,1214926.3,1121,36,1083.79,1090.0,2024-09-24
564,HBLPO,Himalayan Bank Ltd. Promoter,125.0,337785465.0,2586189,24,130.61,125.0,2024-09-24
2880,HDHPC,Himal Dolakha Hydropower Company Limited,174.34,8124395546.4,40341106,131768,201.39,193.3,2024-09-24
235,HDL,Himalayan Distillery Limited,1380.49,7684748348.53,5277360,101432,1456.17,1238.0,2024-09-24
179,HEI,Himalayan Everest Insurance Limited,665.36,3280057648.8,4672830,23017,701.94,635.1,2024-09-24
700,HEIP,Himalayan Everest Insurance Limited Promoter,374.66,166716073.0,431159,1177,386.67,365.8,2024-09-24
8076,HHL,Himalayan Hydropower Limited,411.03,1456659156.5,3314510,29237,439.48,492.3,2024-09-24
2742,HIDCL,Hydorelectricity Investment and Development Company Ltd,221.5,8841640466.7,32904703,125695,268.7,249.0,2024-09-24
8111,HIDCLP,Hydorelectricity Investment and Development Company Limited Promoter,127.95,5240890136.4,32587615,51144,160.82,154.0,2024-09-24
693,HLBSL,Himalayan Laghubitta Bittiya Sanstha Limited,1186.26,3357309949.3,2750458,26391,1220.64,863.0,2024-09-24
393,HLI,Himalayan Life Insurance Limited,440.55,7969447620.2,16543375,97938,481.73,447.9,2024-09-24
701,HLIPO,Himalayan Life Insurance Limited Promoter Share,242.68,73818071.0,366924,15,201.18,251.0,2024-09-24
2767,HPPL,Himalayan Power Partner Ltd.,325.76,2586338329.5,7271989,27966,355.66,296.0,2024-09-24
9234,HRL,Himalayan Reinsurance Limited,706.78,24982724250.6,30680426,306530,814.29,762.9,2024-09-24
2824,HURJA,Himalaya Urja Bikas Company Limited,248.02,1810080767.3,7240732,34289,249.99,207.0,2024-09-24
273,ICFC,ICFC Finance Limited,660.98,5454679960.7,7728747,53665,705.77,636.9,2024-09-24
2882,ICFCD83,12% ICFC Finance Limited Debenture 2083,1224.83,7622854.55,6287,128,1212.48,1250.0,2024-09-24
186,IGI,IGI Prudential insurance Limited,592.97,4770353306.5,7536152,38459,633.0,572.1,2024-09-24
635,IGIPO,IGI Prudential insurance Limited Promoter Share,310.0,51111.0,100,1,511.11,310.0,2024-09-24
9176,IHL,Ingwa Hydropower Limited,498.46,1429139090.3,2769494,26849,516.03,506.0,2024-09-24
2832,ILBS,Infinity Laghubitta Bittiya Sanstha Limited,1181.26,1368316176.4,1134265,15996,1206.35,945.0,2024-09-24
2833,ILBSP,Infinity Laghubitta Bittiya Sanstha Limited Promoter Share,361.5,11663332.0,32139,3,362.9,358.0,2024-09-24
9184,ILI,IME Life Insurance Company Limited,483.34,3123717438.01,6007745,103824,519.95,463.0,2024-09-24
8020,JBBD87,Jyoti Bikash Bank Bond 2087,997.87,9631953.6,9470,171,1017.1,1028.1,2024-09-24
418,JBBL,Jyoti Bikas Bank Limited,337.31,4574019599.42,12458696,58656,367.13,324.9,2024-09-24
579,JBBLPO,Jyoti Bikash  Bank Ltd. Promoter Share,144.78,1610508.3,11140,6,144.57,144.0,2024-09-24
4951,JBLB,Jeevan Bikas Laghubitta  Bittya Sanstha Ltd,1531.92,1889387285.1,1176365,28304,1606.12,1430.0,2024-09-24
250,JFL,Janaki Finance Company Limited,659.05,6864536562.6,10121879,65862,678.19,511.0,2024-09-24
292,JFLPO,Janaki Finance Limited Promoter Share,327.0,8672000.0,28000,4,309.71,349.0,2024-09-24
2789,JOSHI,Joshi Hydropower Development Company Ltd,318.92,1597201694.4,4798380,27834,332.86,290.0,2024-09-24
695,JSLBB,Janautthan Samudayic Laghubitta Bittya Sanstha Limited,1459.76,562551759.7,374963,6175,1500.29,1487.0,2024-09-24
142,KBL,Kumari Bank Limited,184.26,9615304883.8,44927346,140889,214.02,205.9,2024-09-24
2885,KBLD86,10.25% KBL Debenture 2086,1074.95,4625472.5,4328,68,1068.73,1093.7,2024-09-24
8127,KBLD89,11% KBL Debenture 2089,1122.52,2821662.0,2482,101,1136.85,1147.0,2024-09-24
9220,KBLD90,10% KBL Debenture 2090,1053.78,1421630.0,1360,52,1045.32,1075.0,2024-09-24
283,KBLPO,Kumari Bank Limited Promotor Share,104.0,38259520.0,367880,16,104.0,104.0,2024-09-24
9196,KBSH,Kutheli Bukhari Small Hydropower Limited,1714.48,604386305.8,345109,7571,1751.29,1800.0,2024-09-24
8074,KDBY,Kumari Dhanabriddhi Yojana,9.65,74771330.49,7327033,5263,10.2,8.83,2024-09-24
9151,KDL,Kalinchowk Darshan Limited,1199.08,2100988806.5,1710673,23049,1228.17,1005.0,2024-09-24
2933,KEF,Kumari Equity Fund,9.15,55713260.82,5719774,4053,9.74,8.47,2024-09-24
2751,KKHC,Khanikhola Hydropower Co. Ltd.,257.03,952848291.5,3467141,17767,274.82,248.0,2024-09-24
593,KMCDB,Kalika Laghubitta Bittiya Sanstha Ltd,1109.27,1595465414.9,1429705,18296,1115.94,1009.9,2024-09-24
2787,KPCL,Kalika power Company Ltd,492.16,1795489268.2,3584222,17650,500.94,455.0,2024-09-24
428,KRBL,Karnali Development Bank Limited,551.91,3133166767.4,5312310,27730,589.79,543.0,2024-09-24
459,KSBBL,Kamana Sewa Bikas Bank Limited,445.24,4454429294.3,9335128,37904,477.17,448.5,2024-09-24
4948,KSBBLD87,9% Kamana Sewa Bikas Bank Limited Debenture 2087,1009.05,32478118.1,31240,168,1039.63,1049.0,2024-09-24
677,KSBBLP,Kamana Sewa Bikas Bank Limited Promoter Share,193.36,48124639.0,258531,6,186.15,189.0,2024-09-24
9241,KSY,Kumari Sabal Yojana,8.76,8694609.37,949333,955,9.16,8.7,2024-09-24
358,LBBL,Lumbini Bikas Bank Ltd.,446.77,3594604203.5,7521562,28901,477.91,448.0,2024-09-24
9197,LBBLD89,11% L.B.B.L. Debenture 2089,1137.19,6221230.5,5512,101,1128.67,1195.0,2024-09-24
2879,LBLD86,10% Laxmi Bank Debenture 2086,1044.02,21215324.0,20171,32,1051.77,1081.2,2024-09-24
5984,LBLD88,8.5% Laxmi Bank Debenture 2088,995.76,4412789.0,4369,85,1010.02,1011.0,2024-09-24
2903,LEC,Liberty Energy Company Limited,228.7,3826775022.3,14717122,51567,260.02,253.0,2024-09-24
188,LICN,Life Insurance Corporation (Nepal) Limited,1713.8,3310668947.1,1634495,13828,2025.5,2020.0,2024-09-24
618,LLBS,Laxmi Laghubitta Bittiya Sanstha Ltd.,1200.97,911082198.6,744035,6583,1224.52,1025.0,2024-09-24
141,LSL,Laxmi Sunrise Bank Limited,205.2,5393425062.22,23977237,52699,224.94,232.0,2024-09-24
286,LSLPO,Laxmi Sunrise Bank Limited Promoter Share,100.0,303232900.0,3032329,9,100.0,100.0,2024-09-24
2902,LUK,Laxmi Unnati Kosh,9.14,51787427.05,5470970,1652,9.47,9.0,2024-09-24
9198,LVF2,Laxmi Value Fund 2,8.83,16718786.98,1775100,1184,9.42,8.33,2024-09-24
9166,MAKAR,Makar Jitumaya Suri Hydropower Limited,486.49,1641684440.8,3310489,26754,495.9,479.9,2024-09-24
9212,MANDU,Mandu Hydropower Limited,1086.5,2834506869.2,2564427,34709,1105.32,905.0,2024-09-24
694,MATRI,Matribhumi Lagubitta Bittiya Sanstha Limited,1215.39,517669114.2,359005,7900,1441.96,1458.0,2024-09-24
733,MATRIP,Matribhumi Lagubitta Bittiya Sanstha Limited Promoter,545.0,13138860.0,24108,6,545.0,0.0,2024-09-24
8031,MBJC,Madhya Bhotekoshi Jalavidyut Company Limited,338.1,2303993651.4,6333593,60509,363.77,325.0,2024-09-24
140,MBL,Machhapuchhre Bank Limited,216.1,2904855058.1,12061054,35476,240.85,231.1,2024-09-24
2866,MBLD2085,10.25% Machhapuchhre Bank Debenture 2085,1098.77,1025946.0,933,26,1099.62,1091.4,2024-09-24
7985,MBLD87,8.5% Machhapuchchhre Debenture 2087,988.99,7987922.3,7932,108,1007.05,1015.0,2024-09-24
9175,MCHL,Menchhiyam Hydropower Limited,472.2,926458848.8,1904465,20334,486.47,480.0,2024-09-24
371,MDB,Miteri Development Bank Limited,598.03,4216976319.14,6638401,33104,635.24,594.9,2024-09-24
609,MDBPO,Miteri Development Bank Ltd. Promoter Share,311.0,9069382.0,29162,1,311.0,311.0,2024-09-24
9203,MEHL,Manakamana Engineering Hydropower Limited,369.72,1381506171.2,3698664,40580,373.51,367.0,2024-09-24
9179,MEL,Modi Energy Limited,265.93,2464023227.66,8606910,75603,286.28,283.0,2024-09-24
2913,MEN,Mountain Energy Nepal Limited,646.04,9140781269.37,13505730,60661,676.81,609.0,2024-09-24
1741,MERO,Mero Microfinance Bittiya Sanstha Ltd.,775.21,2796169769.3,3502428,26284,798.35,710.2,2024-09-24
516,MFIL,Manjushree Finance Ltd.,648.28,5984601512.5,8602109,55717,695.71,618.0,2024-09-24
730,MFILPO,Manjushree Finance Ltd. Promoter Share,270.3,33270954.0,123089,2,270.3,267.6,2024-09-24
2932,MFLD85,9.5% Manjushree Finance Limited Debenture 2085,1021.07,23058692.5,22131,181,1041.92,1050.6,2024-09-24
9158,MHCL,Molung Hydropower Company Limited,419.86,1132280346.7,2582690,31213,438.41,364.0,2024-09-24
8102,MHL,Mandakini Hydropower Limited,685.66,1788766516.5,2541824,23244,703.73,700.0,2024-09-24
2811,MHNL,Mountain Hydro Nepal Limited,273.29,1261330133.3,4262746,19018,295.9,257.8,2024-09-24
9230,MKCL,Muktinath Krishi Company Limited,1377.55,3224696553.3,2371581,42277,1359.72,1320.0,2024-09-24
9149,MKHC,Maya Khola Hydropower Company Limited,360.31,1195160422.5,3236448,31705,369.28,343.5,2024-09-24
9167,MKHL,Mai Khola Hydropower Limited,532.76,1723847875.7,3163995,27741,544.83,469.0,2024-09-24
8005,MKJC,Mailung Khola Jal Vidhyut Company Limited,559.06,2430766523.0,4221810,26628,575.76,428.3,2024-09-24
601,MLBBL,Mithila LaghuBitta Bittiya Sanstha Limited,1454.92,1078513131.0,741488,7112,1454.53,1450.0,2024-09-24
401,MLBL,Mahalaxmi Bikas Bank Ltd.,384.01,4069791738.6,9842617,39344,413.49,375.0,2024-09-24
9195,MLBLD89,11% Mahalaxmi Debenture 2089,1122.46,2205159.69,1949,46,1131.43,1151.0,2024-09-24
620,MLBLPO,Mahalxmi Bikas Bank Ltd. Promotor Share,155.66,47202265.6,303508,9,155.52,155.0,2024-09-24
8018,MLBS,Manushi Laghubitta Bittiya Sanstha Limited,1451.65,754034941.2,485623,10086,1552.72,1539.0,2024-09-24
2925,MLBSL,Mahila Lagubitta Bittiya Sanstha Limited ,2038.99,555714181.9,264691,7488,2099.48,1993.0,2024-09-24
8023,MMF1,Mega Mutual Fund -1,8.09,68475628.69,7968626,5072,8.59,8.14,2024-09-24
9217,MMKJL,Mathillo Mailun Khola Jalvidhyut Limited,539.47,1910172557.1,3477334,27998,549.32,461.0,2024-09-24
474,MNBBL,Muktinath Bikas Bank Ltd.,388.33,3899266922.0,9314867,49134,418.61,374.0,2024-09-24
640,MNBBLP,Muktinath Bikas Bank Ltd. Promoter Share,200.0,33402400.0,167012,8,200.0,200.0,2024-09-24
4969,MND84/85,Muktinath Debenture 2084/85,990.93,8960494.0,8997,166,995.94,1029.0,2024-09-24
471,MPFL,Multipurpose Finance Company  Limited,609.69,5004059904.3,7917355,42793,632.04,585.0,2024-09-24
9215,MSHL,Mid Solu Hydropower Limited,791.94,942689490.4,1148305,14622,820.94,935.0,2024-09-24
2768,MSLB,Mahuli Laghubitta Bittiya Sanstha Limited,1427.79,615029139.1,423196,5521,1453.3,1411.2,2024-09-24
2928,MSLBP,Mahuli Laghubitta Bittiya Sanstha Limited Promoter,758.0,2566588.0,3386,2,758.0,758.0,2024-09-24
172,NABBC,Narayani Development Bank Limited,594.57,1545141866.4,2557755,18402,604.1,557.0,2024-09-24
8037,NABBCP,Narayani Development Bank Limited Promoter,334.0,668000.0,2000,2,334.0,334.0,2024-09-24
131,NABIL,Nabil Bank Limited,551.14,6540786981.25,11009907,93628,594.08,553.5,2024-09-24
9238,NABILD87,9% Nabil Debenture 2087,1009.96,2860657.65,2826,96,1012.26,1046.5,2024-09-24
2784,NADEP,Nadep Laghubittiya bittya Sanstha Ltd.,959.22,1655895314.6,1707912,16215,969.54,1010.0,2024-09-24
2854,NBBD2085,10.25% NBBL Debenture 2085,1120.22,1679598.5,1530,42,1097.78,1097.5,2024-09-24
2835,NBF2,NABIL BALANCED FUND-2,9.38,163381200.08,16538593,2263,9.88,10.21,2024-09-24
8024,NBF3,Nabil Balanced Fund-3,8.37,86556845.54,9528042,5029,9.08,8.67,2024-09-24
517,NBL,Nepal Bank Limited,252.63,4234808217.36,15169429,52539,279.17,261.5,2024-09-24
2892,NBLD82,10% Nabil Debenture 2082,1048.0,2583024.2,2458,50,1050.86,1055.0,2024-09-24
8027,NBLD85,Nabil Debenture 2085,983.87,23238973.6,23204,213,1001.51,1005.0,2024-09-24
4959,NBLD87,8.5% Nepal Bank Debenture 2087,989.04,37148947.9,36706,283,1012.07,1017.0,2024-09-24
2936,NCCD86,9.5% NCC Debenture 2086,1025.43,110973702.2,106465,255,1042.35,1043.0,2024-09-24
8041,NESDO,NESDO Sambridha Laghubitta Bittiya Sanstha Limited,2197.76,1234189831.0,545338,12360,2263.16,2061.0,2024-09-24
194,NFS,Nepal Finance Ltd.,1266.62,16822703704.6,13293637,88851,1265.47,1295.9,2024-09-24
651,NFSPO,Nepal Finance Ltd. Promoter Share,163.0,14096300.0,140963,3,100.0,163.0,2024-09-24
2743,NGPL,Ngadi Group Power Ltd.,386.54,10728676992.95,25597132,78958,419.14,423.0,2024-09-24
2769,NHDL,Nepal Hydro Developers Ltd.,567.86,1593882538.5,2762920,14274,576.88,521.4,2024-09-24
152,NHPC,National Hydro Power Company Limited,188.84,5324115404.7,24407770,85876,218.13,203.5,2024-09-24
2851,NIBD2082,10.5 % NEPAL INVESTMENT DEBENTURE 2082,1070.95,6434654.0,5986,111,1074.95,1056.0,2024-09-24
2931,NIBD84,8.5% Nepal Investment Bank Debenture 2084,996.71,40308270.4,39831,190,1011.98,1025.0,2024-09-24
9138,NIBLGF,NIBL Growth Fund,9.07,58615914.78,6008159,1547,9.76,10.17,2024-09-24
9244,NIBLSTF,NIBL Stable Fund,8.78,19453733.96,2200026,1438,8.84,8.6,2024-09-24
4949,NIBSF2,NIBL Samriddhi Fund -2,8.33,30056233.51,3416924,2229,8.8,8.03,2024-09-24
139,NICA,NIC Asia Bank Ltd.,460.18,6572760236.3,13370114,68867,491.6,430.2,2024-09-24
2895,NICAD8182,9% NIC Asia Debenture 2081/82,1010.69,1429510.0,1402,26,1019.62,1025.0,2024-09-24
2869,NICAD8283,11% NIC Asia Debenture 082/83,1128.83,16467844.2,14728,181,1118.13,1134.2,2024-09-24
2825,NICAD85/86,10% NIC Asia Debenture 2085/86,1045.42,18581249.9,17411,162,1067.21,1100.0,2024-09-24
309,NICAP,NIC Asia Bank Limted Promoter Share,331.3,429000.0,2000,2,214.5,331.3,2024-09-24
2863,NICBF,NIC Asia Balanced Fund,9.5,104434357.71,10980976,993,9.51,9.0,2024-09-24
2868,NICD83/84,10.25% NIC Asia Debenture 2083/84,1063.05,1086173.0,1030,41,1054.54,1070.0,2024-09-24
7986,NICD88,NIC ASIA Rinpatra 2088,982.98,9377731.5,9379,208,999.86,1025.0,2024-09-24
8073,NICFC,NIC Asia Flexi CAP Fund,9.66,51749438.96,5089169,3351,10.17,8.57,2024-09-24
2779,NICGF,NIC Asia Growth Fund,10.46,32287901.91,2994720,1147,10.78,10.15,2024-09-24
9236,NICGF2,NIC ASIA Growth Fund-2,8.53,13468544.09,1533917,1709,8.78,8.32,2024-09-24
176,NICL,Nepal Insurance Co. Ltd.,943.77,4024422055.9,4005446,27177,1004.74,960.0,2024-09-24
2887,NICLBSL,NIC ASIA Laghubitta Bittiya Sanstha Limited,735.95,1824798051.8,2358288,35891,773.78,674.0,2024-09-24
4967,NICSF,NIC Asia Select Fund 30,9.94,84163478.37,8195035,4271,10.27,8.82,2024-09-24
2919,NIFRA,Nepal Infrastructure Bank Limited,246.26,11230862560.89,39153387,172330,286.84,261.4,2024-09-24
2920,NIFRAP,Nepal Infrastructure Bank Limited Promoter,111.0,69530400.0,626400,10,111.0,111.0,2024-09-24
9141,NIFRAUR85/86,NIFRA Uraj Rinpatra7%-2085/86,905.52,2727527.5,2995,85,910.69,939.0,2024-09-24
183,NIL,Neco Insurance Limited,885.42,1976078092.6,2124650,15897,930.07,889.0,2024-09-24
615,NILPO,Neco Insurace Co. Ltd. Promoter,436.0,436000.0,1000,1,436.0,436.0,2024-09-24
132,NIMB,Nepal Investment Mega Bank Limited,203.77,6098353975.7,25886493,95085,235.58,216.0,2024-09-24
9243,NIMBD90,10% NIMB Debenture 2090,1056.86,6096157.35,5785,165,1053.79,1065.19,2024-09-24
469,NIMBPO,Nepal Investment Mega Bank Ltd. Promoter Share,163.5,292762026.6,1698993,1826,172.32,168.6,2024-09-24
559,NLG,NLG Insurance Company Ltd.,938.42,5073591610.5,4596249,22467,1103.85,1301.0,2024-09-24
187,NLIC,Nepal Life Insurance Co. Ltd.,739.94,7212504937.5,8645768,66705,834.22,738.0,2024-09-24
178,NLICL,National Life Insurance Co. Ltd.,614.16,2188437408.3,3291652,18997,664.84,574.0,2024-09-24
198,NLO,Nepal Lube Oil Limited,274.1,86815.1,319,8,272.15,237.42,2024-09-24
238,NMB,NMB Bank Limited,229.72,3066938620.8,12226445,46939,250.84,243.2,2024-09-24
2867,NMB50,NMB 50,10.85,92946268.1,8653996,1431,10.74,11.71,2024-09-24
2850,NMBD2085,10 % NMB DEBENTURE 2085,1041.78,15747915.0,14760,32,1066.93,1072.7,2024-09-24
4963,NMBD87/88,NMB Debenture 8.50% - 2087/88,986.22,38784685.6,38414,149,1009.65,1021.0,2024-09-24
9180,NMBD89/90,NMB Debenture 10.75%-2089/90,1101.68,1225671.2,1121,62,1093.37,1160.0,2024-09-24
704,NMBMF,NMB  Microfinance Bittiya Sanstha Ltd.,749.37,912924744.4,1185754,11946,769.91,662.7,2024-09-24
391,NMBPO,NMB Bank Limited Promoter Share,113.0,6902477.0,59676,11,115.67,113.0,2024-09-24
2746,NMFBS,National Laghubitta Bittiya Sanstha Limited,1459.24,1185720290.8,787297,9704,1506.06,1349.0,2024-09-24
2747,NMFBSP,National Laghubitta Bittiya Sanstha Limited Promoter,745.0,5447440.0,7312,2,745.0,745.0,2024-09-24
396,NMLBBL,Nerude Mirmire Laghubitta Bittiya Sanstha Limited,773.74,2755037546.0,3354824,29710,821.22,737.0,2024-09-24
2881,NRIC,Nepal Reinsurance Company Limited,762.53,6144376167.5,7320411,55735,839.35,744.9,2024-09-24
9183,NRM,Nepal Republic Media Limited,447.91,3430943369.9,7422115,71934,462.26,411.9,2024-09-24
2898,NRN,NRN Infrastructure and Development Limited,822.96,14740179197.5,18162565,83765,811.57,906.0,2024-09-24
8125,NSIF2,NMB Sulav Investment Fund - 2,10.75,175823810.3,15752983,3473,11.16,11.32,2024-09-24
307,NTC,Nepal Doorsanchar Company Limited,923.34,5384601777.5,5454822,53588,987.13,903.0,2024-09-24
163,NUBL,Nirdhan Utthan Laghubitta Bittiya Sanstha Limited,751.55,1701575981.9,2150840,17510,791.12,697.0,2024-09-24
9233,NWCL,Nepal Warehousing Company Limited ,969.38,2616945563.6,2691622,38861,972.26,899.0,2024-09-24
8026,NYADI,Nyadi Hydropower Limited,342.83,797426621.5,2245872,24199,355.06,294.0,2024-09-24
149,OHL,Oriental Hotels Limited,917.32,1490767216.8,1511437,10035,986.32,915.0,2024-09-24
8116,PBD84,10.15% Prime Debenture 2084,1046.12,4067898.5,3883,126,1047.62,1075.0,2024-09-24
6984,PBD85,8.75 % Prime Debenture 2085,1000.67,6103325.1,6034,137,1011.49,1025.0,2024-09-24
8097,PBD88,10% Prime Debenture 2088,1055.69,15032406.8,14190,376,1059.37,1085.0,2024-09-24
2904,PBLD84,10% Prabhu Bank Debenture 2084 ,1051.62,15881430.6,15082,166,1053.01,1080.0,2024-09-24
2875,PBLD86,10.25% Prabhu Bank  Debenture 2086,1054.92,18021220.5,16890,34,1066.98,1050.0,2024-09-24
4962,PBLD87,8.5% Prabhu Bank Debenture 2087,995.67,66898136.5,66085,94,1012.3,1048.0,2024-09-24
357,PCBL,Prime Commercial Bank Ltd.,247.5,5112345196.2,18532879,60145,275.85,268.0,2024-09-24
544,PCBLP,Prime Commercial Bank Promoter Share,122.7,166865991.3,1377014,25,121.18,113.4,2024-09-24
236,PFL,Pokhara Finance Ltd.,632.65,6137791027.4,9487399,61834,646.94,530.0,2024-09-24
8133,PHCL,Peoples Hydropower Company Limited,359.52,2660337226.0,6837899,57534,389.06,317.1,2024-09-24
2786,PMHPL,Panchakanya Mai Hydropower Ltd,262.95,771625577.5,2678100,14835,288.12,249.8,2024-09-24
2915,PMLI,Prabhu Mahalaxmi Life Insurance Limited,571.6,1819459753.3,2963408,42040,613.98,565.0,2024-09-24
9237,PMLIP,Prabhu Mahalaxmi Life Insurance Limited promotor,275.4,168755481.0,612765,23,275.4,275.4,2024-09-24
2813,PPCL,Panchthar Power Compant Limited,273.72,1440809883.6,4804048,19845,299.92,274.0,2024-09-24
8122,PPL,People's Power Limited,494.87,1871069187.2,3653135,39631,512.18,488.0,2024-09-24
184,PRIN,Prabhu Insurance Ltd.,895.82,2502143807.3,2642773,16206,946.79,941.0,2024-09-24
338,PROFL,Progressive Finance Limited,515.14,5679439733.8,10132743,59629,560.5,510.0,2024-09-24
354,PROFLP,Progressive Finance Limited Promoter Share,148.29,12107095.6,78599,21,154.04,132.0,2024-09-24
9174,PRSF,Prabhu Smart Fund,9.86,92548962.88,8838644,1486,10.47,10.3,2024-09-24
255,PRVU,Prabhu  Bank Limited,196.15,7619281120.67,33361464,119467,228.39,227.3,2024-09-24
632,PRVUPO,Prabhu  Bank Limited Promoter Share,100.0,13408700.0,134087,2,100.0,100.0,2024-09-24
4947,PSF,Prabhu Select Fund,9.96,90289769.53,8762076,4722,10.3,10.54,2024-09-24
2776,RADHI,Radhi Bidyut Company Ltd,332.06,6560113299.82,17252396,60129,380.24,359.0,2024-09-24
9181,RAWA,Rawa Energy Development Limited,606.33,955372258.1,1510719,16664,632.4,759.0,2024-09-24
8003,RBBD83,8.5% RBBL Debenture 2083,992.87,6366259.0,6373,84,998.94,1031.0,2024-09-24
177,RBCL,Rastriya Beema Company Limited,15649.93,1300149285.7,75865,5288,17137.67,16998.0,2024-09-24
634,RBCLPO,Rastriya Beema Company Limited Promoter Share,11986.22,817537567.9,63211,2501,12933.47,12270.0,2024-09-24
8066,RFPL,River Falls Power Limited,423.1,2012081234.6,4584974,36250,438.84,525.0,2024-09-24
8108,RHGCL,Rapti Hydro And General Construction Limited,384.86,1238171383.0,3158622,29393,392.0,387.0,2024-09-24
2841,RHPL,RASUWAGADHI HYDROPOWER COMPANY LIMITED,343.19,4535585389.5,11435717,52491,396.62,351.9,2024-09-24
610,RIDI,Ridi Power Company Limited,213.53,4549883639.7,19155596,69518,237.52,217.0,2024-09-24
587,RLFL,Reliance Finance Ltd.,523.43,7040840470.1,12474990,60626,564.4,511.0,2024-09-24
4968,RMF1,RBB Mutual Fund 1,8.67,61440725.61,6783243,2271,9.06,8.3,2024-09-24
9178,RMF2,RBB Mutual Fund 2,9.57,64218116.0,6319042,970,10.16,9.35,2024-09-24
9199,RNLI,Reliable Nepal Life Insurance Limited,484.73,3673388264.09,7110909,106724,516.58,470.2,2024-09-24
2748,RSDC,RSDC Laghubitta Bittiya Sanstha Ltd.,734.9,2193214153.0,2916868,24568,751.91,665.0,2024-09-24
2935,RURU,Ru Ru Jalbidhyut Pariyojana Limited,717.98,2466024382.06,3274719,25203,753.05,782.0,2024-09-24
472,SADBL,Shangrila Development Bank Ltd.,384.57,5223776444.6,12602950,43345,414.49,392.0,2024-09-24
708,SADBLP,Shangrila Development Bank Ltd. Promoter Share,171.33,17940470.0,104413,9,171.82,167.0,2024-09-24
2773,SAEF,Sanima Equity Fund,11.06,112246585.77,10167587,2029,11.04,10.65,2024-09-24
9139,SAGF,Sanima Growth Fund,9.73,37805857.76,3753025,1609,10.07,9.56,2024-09-24
8021,SAHAS,Sahas Urja Limited,573.38,3192807019.6,5197117,56030,614.34,515.0,2024-09-24
185,SALICO,Sagarmatha Lumbini Insurance Co. Limited,760.49,1663779528.8,2076792,12535,801.13,740.0,2024-09-24
619,SALICOPO,Sagarmatha Lumbini Insurance Co. Limited Promoter Share,270.0,38049330.0,138801,5,274.13,270.0,2024-09-24
4965,SAMAJ,Samaj Laghubittya Bittiya Sanstha Limited,2753.06,479926834.8,168997,6395,2839.85,2930.0,2024-09-24
2828,SAND2085,10% Sanima Bank Limited Debenture,1074.0,15407988.8,14371,134,1072.16,1075.0,2024-09-24
171,SANIMA,Sanima Bank Limited,301.25,4556900185.0,13891895,47407,328.03,320.1,2024-09-24
2860,SAPDBL,Saptakoshi Development Bank Ltd,447.34,3775100748.6,7856962,29671,480.48,474.0,2024-09-24
2861,SAPDBLP,Saptakoshi Development Bank Ltd Promoter Share,195.0,1931085.0,9903,4,195.0,195.0,2024-09-24
9242,SARBTM,Sarbottam Cement Limited,845.01,4093363453.6,4658839,46980,878.62,725.0,2024-09-24
2937,SBCF,Sunrise Bluechip Fund,8.72,40384816.52,4379218,2292,9.22,8.42,2024-09-24
2922,SBD87,8.5% Sanima Debenture 2087,994.51,14301291.6,14184,173,1008.27,1048.0,2024-09-24
8109,SBD89,10.25% Sanima Debenture 2089,1053.76,1685721.0,1588,53,1061.54,1103.6,2024-09-24
135,SBI,Nepal SBI Bank Limited,373.25,3563477451.9,8460926,24093,421.17,416.9,2024-09-24
2890,SBIBD86,10% Nepal SBI Bank Debenture 2086,1046.79,3188493.0,3050,52,1045.41,1071.5,2024-09-24
8110,SBID83,10.25% Nepal SBI Bank Debenture 2083,1062.38,16823729.0,15760,214,1067.5,1075.0,2024-09-24
9211,SBID89,9% Nepal SBI Bank Rinpatra 2089,1001.98,9676732.4,9623,199,1005.58,1022.0,2024-09-24
145,SBL,Siddhartha Bank Limited,299.63,2778862980.9,8638856,28348,321.67,324.4,2024-09-24
2872,SBLD2082,10.50% SBL Debenture 2082,1075.01,2209359.3,2006,73,1101.38,1065.0,2024-09-24
2864,SBLD83,10.25% SBL Debenture 2083,1086.61,4680222.0,4347,53,1076.66,1054.0,2024-09-24
2912,SBLD84,8.5% SBL Debenture 2084,1004.31,39214102.6,38748,88,1012.03,1015.0,2024-09-24
8098,SBLD89,10.75% SBL Debenture 2089,1106.91,2695998.9,2440,75,1104.92,1137.9,2024-09-24
449,SBLPO,Siddhartha Bank Limited Promoter Share,137.7,70269273.9,510307,3,137.7,137.7,2024-09-24
133,SCB,Standard Chartered Bank Limited,640.36,3482350959.6,5128834,30202,678.98,677.0,2024-09-24
9177,SCBD,10.30% Standard Chartered Bank Limited Debenture,1093.01,4651995.75,4232,93,1099.24,1100.0,2024-09-24
6985,SDBD87,Shangri-la Development Bank Debenture 2087,997.95,7639246.0,7628,168,1001.47,1027.0,2024-09-24
2770,SEF,Siddhartha Equity Fund,8.95,122758442.59,12810765,1586,9.58,8.95,2024-09-24
256,SFCL,Samriddhi Finance Company Limited,536.24,5890390052.6,10474837,62555,562.34,508.1,2024-09-24
9154,SFEF,Sunrise Focused Equity Fund,8.76,52303062.29,5552966,1154,9.42,8.57,2024-09-24
2877,SFMF,Sunrise First Mutual Fund,10.35,31109046.44,2912606,888,10.68,9.3,2024-09-24
8100,SGHC,Swet-Ganga Hydropower & Construction Limited ,385.17,1250929159.7,3068928,26758,407.61,360.3,2024-09-24
2908,SGIC,Sanima GIC Insurance Limited,629.15,6293063418.0,9359777,62573,672.35,631.0,2024-09-24
2934,SHEL,Singati Hydro Energy Limited,210.73,7159697774.2,30254868,90375,236.65,234.0,2024-09-24
473,SHINE,Shine Resunga Development Bank Ltd.,453.95,9071758551.4,18113286,68819,500.83,434.0,2024-09-24
669,SHINEP,Shine Resunga Development Bank Ltd. Promoter Share,207.33,22050036.0,105806,4,208.4,206.0,2024-09-24
2809,SHIVM,SHIVAM CEMENTS LTD,566.12,16288772667.3,25854966,127143,630.01,530.3,2024-09-24
147,SHL,Soaltee Hotel Limited,495.79,6844157674.4,12774379,41370,535.77,473.0,2024-09-24
8132,SHLB,Shrijanshil Laghubitta Bittiya Sanstha Limited,1847.52,840244724.6,442257,10842,1899.9,1859.0,2024-09-24
591,SHPC,Sanima Mai Hydropower Ltd.,434.54,11757610068.35,22771578,70238,516.33,482.4,2024-09-24
192,SICL,Shikhar Insurance Co. Ltd.,808.22,2503333262.3,2818258,22535,888.26,790.9,2024-09-24
244,SIFC,Shree Investment Finance Co. Ltd.,549.19,3869625965.8,6580618,36280,588.03,514.0,2024-09-24
2859,SIGS2,Siddhartha Investment Growth Scheme - 2,9.15,92467386.72,9806328,850,9.43,9.02,2024-09-24
9182,SIGS3,Siddhartha Investment Growth Scheme 3,9.4,71735548.95,7199310,1438,9.96,8.93,2024-09-24
8126,SIKLES,Sikles Hydropower Limited,719.25,1357321303.0,1893493,17547,716.83,675.0,2024-09-24
561,SINDU,Sindhu Bikash Bank Ltd,505.27,2142195252.3,3884040,21417,551.54,549.0,2024-09-24
2842,SJCL,SANJEN JALAVIDHYUT COMPANY LIMITED,315.08,2022690409.7,5556766,34299,364.0,308.7,2024-09-24
403,SJLIC,SuryaJyoti Life Insurance Company Limited,468.21,3973613838.0,7762916,70886,511.87,453.5,2024-09-24
574,SKBBL,Sana Kisan Bikas Laghubitta Bittiya Sanstha Limited,906.84,2694067480.3,2804915,25839,960.48,878.0,2024-09-24
671,SKBBLP,Sana Kisan Bikas Laghubitta Bittiya Sanstha Limited Promoter,100.0,90539575.0,271476,356,333.51,100.0,2024-09-24
545,SLBBL,Swarojgar Laghubitta Bittiya Sanstha Ltd.,909.3,2638004985.2,2737458,21159,963.67,1050.0,2024-09-24
2804,SLBSL,Samudayik Laghubitta Bittiya Sanstha Limited,1272.34,500945052.8,387199,7312,1293.77,1325.0,2024-09-24
2923,SLCF,Sanima Large Cap Fund,8.86,44128140.95,4648810,2854,9.49,9.0,2024-09-24
2761,SMATA,Samata Gharelu Laghubitta Bittiya Sanstha Limited,998.66,1074864449.3,1044093,13696,1029.47,816.0,2024-09-24
2762,SMATAP,Samata Gharelu Laghubitta Bittiya Sanstha Limited Promoter,495.0,24750000.0,50000,4,495.0,495.0,2024-09-24
2771,SMB,Support Microfinance Bittiya Sanstha Ltd.,1764.04,393806543.3,215950,5559,1823.6,1748.0,2024-09-24
2829,SMFBS,Swabhimaan Laghubitta Bittiya Sanstha Limited,1496.78,330317812.6,216424,4106,1526.25,1420.0,2024-09-24
9148,SMH,Super Mai Hydropower Limited,912.38,660608695.2,712620,11158,927.01,1099.0,2024-09-24
9146,SMHL,Super Madi Hydropower Limited,639.21,2317455579.0,3623523,29488,639.56,565.0,2024-09-24
9159,SMJC,Sagarmatha Jalabidhyut Company Limited,478.65,3661626541.16,7228985,59159,506.52,481.0,2024-09-24
2896,SMPDA,Sampada Laghubitta Bittiya Sanstha Limited,1042.69,1317483931.3,1184002,16500,1112.74,855.0,2024-09-24
9201,SNLI,Sun Nepal Life Insurance Company Limited,548.17,3182000112.7,5322307,89365,597.86,541.0,2024-09-24
362,SNMAPO,Sanima Bank Ltd. Promoter Share,145.0,43500000.0,300000,1,145.0,145.0,2024-09-24
9216,SONA,Sonapur Minerals And Oil Limited,486.55,7692844638.1,14733736,148253,522.12,434.9,2024-09-24
8025,SPC,Samling Power Company Limited,589.29,448067096.2,737386,9833,607.64,550.0,2024-09-24
2759,SPDL,Synergy Power Development Ltd.,284.5,3172547185.36,10229467,34403,310.14,262.1,2024-09-24
8121,SPHL,Sayapatri Hydropower Limited,611.88,602268103.17,964372,12090,624.52,677.9,2024-09-24
182,SPIL,Siddhartha Premier Insurance Limited,870.62,3724171833.3,4069434,20484,915.16,837.0,2024-09-24
713,SPILPO,Siddhartha Premier Insurance Limited Promoter Share,426.0,140138916.0,661966,12,211.7,426.0,2024-09-24
9147,SPL,Shuvam Power Limited,812.23,845521031.7,1003334,15029,842.71,825.0,2024-09-24
2878,SRBLD83,10.25% Sunrise Bank Debenture 2083,1048.15,15879774.9,15097,84,1051.85,1082.0,2024-09-24
5982,SRLI,Sanima Reliance Life Insurance Limited,508.69,4834882743.9,8595819,76875,562.47,549.1,2024-09-24
2907,SSHL,Shiva Shree Hydropower Ltd,202.19,2930512165.2,13544640,49150,216.36,203.9,2024-09-24
155,STC,Salt Trading Corporation,5531.44,2928753924.6,514646,14633,5690.81,5520.0,2024-09-24
268,SWBBL,Swabalamban Laghubitta Bittiya Sanstha Limited,977.89,2847428752.9,2818758,16391,1010.17,964.0,2024-09-24
314,SWBBLP,Swabalamban Laghubitta Bittiya Sanstha Limited Promoter Share,782.0,4148528.0,16528,1,251.0,782.0,2024-09-24
706,SWMF,Suryodaya Womi Laghubitta Bittiya Sanstha Limited,925.83,1197204684.13,1225774,13538,976.69,777.0,2024-09-24
720,SWMFPO,Suryodaya Womi Laghubitta Bittiya Sanstha Limited Promoter,251.1,10896200.0,43500,5,250.49,251.1,2024-09-24
9156,TAMOR,Sanima Middle Tamor Hydropower Limited,462.94,2624379931.4,5411500,49332,484.96,448.1,2024-09-24
8022,TPC,Terhathum Power Company Limited,514.65,1058558896.2,2061855,18901,513.4,413.0,2024-09-24
148,TRH,Taragaon Regency Hotel Limited,1000.05,2538860024.1,2294289,14808,1106.6,1037.0,2024-09-24
9194,TSHL,Three Star Hydropower Limited,719.2,1437983926.3,1875358,21082,766.78,770.0,2024-09-24
9218,TVCL,Trishuli Jal Vidhyut Company Limited ,497.5,1242466207.3,2429050,28257,511.5,450.8,2024-09-24
180,UAIL,United Ajod Insurance Limited,645.84,2784909614.9,4081331,25217,682.35,613.0,2024-09-24
726,UAILPO,United Ajod Insurance Limited Promoter Share,307.0,5094051.0,16593,6,307.0,307.0,2024-09-24
8099,UHEWA,Upper Hewakhola Hydropower Company Limited,504.99,1137607074.9,2228248,22742,510.54,469.0,2024-09-24
8063,ULBSL,Upakar Laghubitta Bittiya Sanstha Limited,2507.43,741871692.5,286113,6763,2592.93,2990.0,2024-09-24
9208,ULHC,Upper Lohore Khola Hydropower Company Limited,406.78,1702229149.6,4127857,38300,412.38,383.0,2024-09-24
2760,UMHL,United Modi Hydropower Ltd.,286.4,2814778617.0,8927804,35170,315.28,284.0,2024-09-24
2914,UMRH,United IDI Mardi RB Hydropower Limited.,453.87,4337285867.6,9285366,40114,467.11,423.9,2024-09-24
2831,UNHPL,Union Hydropower Limited,265.76,1917381635.4,6742157,27032,284.39,252.1,2024-09-24
219,UNL,Unilever Nepal Limited,48115.0,597106048.0,12532,1003,47646.51,49500.0,2024-09-24
9140,UNLB,Unique Nepal Laghubitta Bittiya Sanstha Limited,2263.62,1051739530.0,439205,10825,2394.64,2426.0,2024-09-24
2810,UPCL,UNIVERSAL POWER COMPANY LTD,239.36,4447786817.8,16303125,59102,272.82,241.0,2024-09-24
2792,UPPER,Upper Tamakoshi Hydropower Ltd,197.81,9726991364.56,43880269,166029,221.67,205.1,2024-09-24
8104,USHEC,Upper Solu Hydro Electric Company Limited,496.47,1239135203.7,2491356,25139,497.37,452.0,2024-09-24
9192,USHL,Upper Syange Hydropower Limited,610.43,692206861.3,1080255,13653,640.78,879.0,2024-09-24
2774,USLB,Unnati Sahakarya Laghubitta Bittiya Sanstha Limited,1737.02,1080470232.7,616086,12172,1753.77,1350.0,2024-09-24
687,VLBS,Vijaya laghubitta Bittiya Sanstha Ltd.,1000.62,1393902536.5,1360111,11536,1024.84,808.0,2024-09-24
716,VLBSPO,Vijaya laghubitta Bittiya Sanstha Ltd. Promoter Share,327.0,8466684.0,25892,4,327.0,327.0,2024-09-24
9225,VLUCL,Vision Lumbini Urja Company Limited ,594.64,2591907440.6,4141363,49182,625.86,620.0,2024-09-24
2781,WNLB,Wean Nepal Laghubitta Bittiya Sanstha Limited,1671.85,601013734.4,328178,8251,1831.37,2400.0,2024-09-24
