SN,Name,Description,Published Date,File Link
1,2018.12.28,Weekly Report of 2018.12.28,2023-08-21,https://www.nepalstock.com/api/web/report/download-report/cdb5683eec4c3355a8e0bea596214b95.xlsx
2,2018.12.21,Weekly Report of 2018.12.21,2023-08-21,https://www.nepalstock.com/api/web/report/download-report/6ebb10c10522702da092b99e5153b55e.xlsx
3,2018.11.2,Weekly Report of 2018.11.2,2023-08-21,https://www.nepalstock.com/api/web/report/download-report/7ee5356c6b9ea0950c35df2b3274a643.xlsx
4,2018.10.26,Weekly Report of 2018.10.26,2023-08-21,https://www.nepalstock.com/api/web/report/download-report/eac22f82883668944b5adadf94df644e.xlsx
5,2018.10.12,Weekly Report of 2018.10.12,2023-08-21,https://www.nepalstock.com/api/web/report/download-report/371abf856c71b18c183af4f0e0aa4651.xlsx
6,2018.10.5,Weekly Report of 2018.10.5,2023-08-21,https://www.nepalstock.com/api/web/report/download-report/3ae71c07ae08de3cd04d0479f00f30b9.xlsx
7,2018.9.28,Weekly Report of 2018.9.28,2023-08-21,https://www.nepalstock.com/api/web/report/download-report/b209da310e3b8d0dc54043199adee33b.pdf
8,2018.9.21,Weekly Report of 2018.9.21,2023-08-21,https://www.nepalstock.com/api/web/report/download-report/d5afcad7a88db399134fc8ef5af002ed.pdf
9,2018.9.14,Weekly Report of 2018.9.14,2023-08-21,https://www.nepalstock.com/api/web/report/download-report/e9f2907d418d6f216a2d9bb70d0f4c7a.pdf
10,2018.9.7,Weekly Report of 2018.9.7,2023-08-21,https://www.nepalstock.com/api/web/report/download-report/c4eb939355107ee739844b26f25467a6.pdf
11,2018.8.31,Weekly Report of 2018.8.31,2023-08-21,https://www.nepalstock.com/api/web/report/download-report/64e7449ec7897ea012ae7d6f11bfdb92.pdf
12,2018.8.24,Weekly Report of 2018.8.24,2023-08-21,https://www.nepalstock.com/api/web/report/download-report/bbed70771286f49f7f966c878fe0fd9c.pdf
13,2018.8.17,Weekly Report of 2018.8.17,2023-08-21,https://www.nepalstock.com/api/web/report/download-report/6aab10abaa170e790da77807c7b4c42a.pdf
14,2018.8.10,Weekly Report of 2018.8.10,2023-08-21,https://www.nepalstock.com/api/web/report/download-report/61fafc9f5808728e1c11b4c9c1046c51.pdf
15,2018.8.3,Weekly Report of 2018.8.3,2023-08-21,https://www.nepalstock.com/api/web/report/download-report/1be92e2cf7bc5625a53dc33c6091871e.pdf
16,2018.7.27,Weekly Report of 2018.7.27,2023-08-21,https://www.nepalstock.com/api/web/report/download-report/71333d146fe66574f9884b89615498a1.pdf
17,2018.7.20,Weekly Report of 2018.7.20,2023-08-21,https://www.nepalstock.com/api/web/report/download-report/caac177e1196e7f3a911c1921d862bac.pdf
18,2018.7.13,Weekly Report of 2018.7.13,2023-08-21,https://www.nepalstock.com/api/web/report/download-report/0bd0c938d8ead238a0387a446c25fcd6.pdf
19,2018.7.6,Weekly Report of 2018.7.6,2023-08-21,https://www.nepalstock.com/api/web/report/download-report/6d6eef9cf882fbf9939a5a76e55317e0.pdf
20,2018.6.29,Weekly Report of 2018.6.29,2023-08-21,https://www.nepalstock.com/api/web/report/download-report/711cd5387a6e3874145c216e72fea587.pdf
21,2018.6.22,Weekly Report of 2018.6.22,2023-08-21,https://www.nepalstock.com/api/web/report/download-report/176064a21f7b12fa0e2af05fe5e57db6.pdf
22,2018.6.15,Weekly Report of 2018.6.15,2023-08-21,https://www.nepalstock.com/api/web/report/download-report/1e487e56152e6d0469c3d3ab7cad0e6b.pdf
23,2018.6.8,Weekly Report of 2018.6.8,2023-08-21,https://www.nepalstock.com/api/web/report/download-report/4c92ae0af4c93de99888531b2a8ed070.pdf
24,2018.6.1,Weekly Report of 2018.6.1,2023-08-21,https://www.nepalstock.com/api/web/report/download-report/c54d18c59d120af9e64d9e149e2e05d6.pdf
25,2018.5.25,Weekly Report of 2018.5.25,2023-08-21,https://www.nepalstock.com/api/web/report/download-report/7441500c4cf5fbfaa3587c3a57cf2b52.pdf
26,2018.5.18,Weekly Report of 2018.5.18,2023-08-21,https://www.nepalstock.com/api/web/report/download-report/610b9cd5a0e8c71b4a6cb12ecd6fe301.pdf
27,2018.5.11,Weekly Report of 2018.5.11,2023-08-21,https://www.nepalstock.com/api/web/report/download-report/536cf9f6e3b49b566ec2611fb7c31436.pdf
28,2018.5.4,Weekly Report of 2018.5.4,2023-08-21,https://www.nepalstock.com/api/web/report/download-report/c109188d9105b2fb60ecd820b4b2cb23.pdf
29,2018.4.27,Weekly Report of 2018.4.27,2023-08-21,https://www.nepalstock.com/api/web/report/download-report/c79a407cebbfe376414d175e34e7f4f2.pdf
30,2018.4.20,Weekly Report of 2018.4.20,2023-08-21,https://www.nepalstock.com/api/web/report/download-report/d555c6c366ce683d4fa69e0f9dc3b0de.pdf
31,2018.4.13,Weekly Report of 2018.4.13,2023-08-21,https://www.nepalstock.com/api/web/report/download-report/58a11190e119f25160eed2e941a3d6f6.pdf
32,2018.3.30,Weekly Report of 2018.3.30,2023-08-21,https://www.nepalstock.com/api/web/report/download-report/d5c6898788984ed9a0d72d5660d57ff9.pdf
33,2018.3.23,Weekly Report of 2018.3.23,2023-08-21,https://www.nepalstock.com/api/web/report/download-report/fd3e7ca1f5c1f834ea4bffa3e07324c4.pdf
34,2018.3.16,Weekly Report of 2018.3.16,2023-08-21,https://www.nepalstock.com/api/web/report/download-report/e3036a48e8fd4654b0beed59db0fe38d.pdf
35,2018.3.9,Weekly Report of 2018.3.9,2023-08-21,https://www.nepalstock.com/api/web/report/download-report/9a78ab7334b9fd894118be3c79a9b1de.pdf
36,2018.3.2,Weekly Report of 2018.3.2,2023-08-21,https://www.nepalstock.com/api/web/report/download-report/11fa0fc39377913e1c4d96958f79bf85.pdf
37,2018.2.23,Weekly Report of 2018.2.23,2023-08-21,https://www.nepalstock.com/api/web/report/download-report/5aedd6854075825c82689ee43f758e54.pdf
38,2018.2.15,Weekly Report of 2018.2.15,2023-08-21,https://www.nepalstock.com/api/web/report/download-report/9defa16500abe15b5c1c12b9354d14c9.pdf
39,2018.2.9,Weekly Report of 2018.2.9,2023-08-21,https://www.nepalstock.com/api/web/report/download-report/e26f596a1785fae225f5ba9f94038f01.pdf
40,2018.2.2,Weekly Report of 2018.2.2,2023-08-21,https://www.nepalstock.com/api/web/report/download-report/f28e5dbf67eef42d56a6dddf75749b96.pdf
41,2018.1.26,Weekly Report of 2018.1.26,2023-08-21,https://www.nepalstock.com/api/web/report/download-report/0a59644deef27d984f2e5c7a03605e27.pdf
42,2018.1.19,Weekly Report of 2018.1.19,2023-08-21,https://www.nepalstock.com/api/web/report/download-report/a15993c7b44ea84967a0187532b7388e.pdf
43,2018.1.12,Weekly Report of 2018.1.12,2023-08-21,https://www.nepalstock.com/api/web/report/download-report/2003c1a1963a9506783d6a77136a708f.pdf
44,2018.1.5,Weekly Report of 2018.1.5,2023-08-21,https://www.nepalstock.com/api/web/report/download-report/7ad22fd38333f2048b672c9325121033.pdf
45,2017.12.29,Weekly Report of 2017.12.29,2023-08-21,https://www.nepalstock.com/api/web/report/download-report/0326dc0c6f829e42d9252599f9947704.pdf
46,2017.12.22,Weekly Report of 2017.12.22,2023-08-21,https://www.nepalstock.com/api/web/report/download-report/1981df84e3a210865685bbaa52472d7f.pdf
47,2017.12.15,Weekly Report of 2017.12.15,2023-08-21,https://www.nepalstock.com/api/web/report/download-report/ff33d61a8c2a44b4827a3c1c0f72f68c.pdf
48,2017.12.8,Weekly Report of 2017.12.8,2023-08-21,https://www.nepalstock.com/api/web/report/download-report/46a05b56f122cdc56550cf43be672638.pdf
49,2017.11.24,Weekly Report of 2017.11.24,2023-08-21,https://www.nepalstock.com/api/web/report/download-report/13eee42bc0a926d90a30cbdefffcc277.pdf
50,2017.11.17,Weekly Report of 2017.11.17,2023-08-21,https://www.nepalstock.com/api/web/report/download-report/ee93b32d4a2ed7c326b4816072e8eabd.pdf
51,2017.11.10,Weekly Report of 2017.11.10,2023-08-21,https://www.nepalstock.com/api/web/report/download-report/e4404c532799b020389f62e0efee2614.pdf
52,2017.11.3,Weekly Report of 2017.11.3,2023-08-21,https://www.nepalstock.com/api/web/report/download-report/35160af481c37e8db1039ca95d1fe6ed.pdf
53,2017.10.18,Weekly Report of 2017.10.18,2023-08-21,https://www.nepalstock.com/api/web/report/download-report/3ba5704e6648211497928663d4ef02fb.pdf
54,2017.10.13,Weekly Report of 2017.10.13,2023-08-21,https://www.nepalstock.com/api/web/report/download-report/4a29762cdbb94b47b7aa8035ea83c82d.pdf
55,2017.9.22,Weekly Report of 2017.9.22,2023-08-21,https://www.nepalstock.com/api/web/report/download-report/5351505db736402249f6527e6dd88218.pdf
56,2017.9.15,Weekly Report of 2017.9.15,2023-08-21,https://www.nepalstock.com/api/web/report/download-report/ce6e8e91e1ca7e3946dc24e0df1bc6bd.pdf
57,2017.9.8,Weekly Report of 2017.9.8,2023-08-21,https://www.nepalstock.com/api/web/report/download-report/1fd0c08005ab31893a35991012237cb4.pdf
58,2017.9.1,Weekly Report of 2017.9.1,2023-08-21,https://www.nepalstock.com/api/web/report/download-report/7c625ea3fc6a7b7416ca1e5f96a6908f.pdf
59,2017.8.25,Weekly Report of 2017.8.25,2023-08-21,https://www.nepalstock.com/api/web/report/download-report/07e2ae2292c33a78c9591e60bccd5741.pdf
60,2017.8.18,Weekly Report of 2017.8.18,2023-08-21,https://www.nepalstock.com/api/web/report/download-report/08add1e3db31da4892ee2a04dd053009.pdf
61,2017.8.11,Weekly Report of 2017.8.11,2023-08-21,https://www.nepalstock.com/api/web/report/download-report/5d3f155cf8161e4d429acd61dc0f59a8.pdf
62,2017.8.4,Weekly Report of 2017.8.4,2023-08-21,https://www.nepalstock.com/api/web/report/download-report/77b1485582dfaec2a2f420cf64866e69.pdf
63,2017.7.27,Weekly Report of 2017.7.27,2023-08-21,https://www.nepalstock.com/api/web/report/download-report/6b0c6a812f7bb3a7d8445fbca5456a73.pdf
64,2017.7.21,Weekly Report of 2017.7.21,2023-08-21,https://www.nepalstock.com/api/web/report/download-report/b1045d75378679722e5f1ef4d0f4c3e3.pdf
65,2017.7.14,Weekly Report of 2017.7.14,2023-08-21,https://www.nepalstock.com/api/web/report/download-report/59760b858d1218c7ae9473a922454a76.pdf
66,2017.7.7,Weekly Report of 2017.7.7,2023-08-21,https://www.nepalstock.com/api/web/report/download-report/fd6d40bd0101ab19a04df4772e3c04fc.pdf
67,2017.6.30,Weekly Report of 2017.6.30,2023-08-21,https://www.nepalstock.com/api/web/report/download-report/060d23fb0cb452ad52edae4642955fea.pdf
68,2017.6.23,Weekly Report of 2017.6.23,2023-08-21,https://www.nepalstock.com/api/web/report/download-report/c74dce852189aea65f34853b3adab409.pdf
69,2017.6.16,Weekly Report of 2017.6.16,2023-08-21,https://www.nepalstock.com/api/web/report/download-report/78e51df9a83ff9072a3f98c857061c3b.pdf
70,2017.6.9,Weekly Report of 2017.6.9,2023-08-21,https://www.nepalstock.com/api/web/report/download-report/62414e54b203cd64b536f8930af88669.pdf
71,2017.6.2,Weekly Report of 2017.6.2,2023-08-21,https://www.nepalstock.com/api/web/report/download-report/550af7fc9564b0ec005a43eedd7d2b60.pdf
72,2017.5.26,Weekly Report of 2017.5.26,2023-08-21,https://www.nepalstock.com/api/web/report/download-report/f5a18841b0a6a2d6403c47efeab0cf8f.pdf
73,2017.5.19,Weekly Report of 2017.5.19,2023-08-21,https://www.nepalstock.com/api/web/report/download-report/9c36b077e05f237c89cc73f96ccfcb3c.pdf
74,2017.5.12,Weekly Report of 2017.5.12,2023-08-21,https://www.nepalstock.com/api/web/report/download-report/d99760e121f4293f42451516a8355e12.pdf
75,2017.5.5,Weekly Report of 2017.5.5,2023-08-21,https://www.nepalstock.com/api/web/report/download-report/0b0c217329b50e0741514ceda18bf615.pdf
76,2017.4.28,Weekly Report of 2017.4.28,2023-08-21,https://www.nepalstock.com/api/web/report/download-report/2bf100cad7bd8e19b90c8d23cc99c7e0.pdf
77,2017.4.21,Weekly Report of 2017.4.21,2023-08-21,https://www.nepalstock.com/api/web/report/download-report/9dacccd9e3e120eaa775ae8896804234.pdf
78,2017.4.13,Weekly Report of 2017.4.13,2023-08-21,https://www.nepalstock.com/api/web/report/download-report/0f606fbd8e78b35fb54938512216bd42.pdf
79,2017.4.7,Weekly Report of 2017.4.7,2023-08-21,https://www.nepalstock.com/api/web/report/download-report/7ff265579e5c42cc303e8576fe885a83.pdf
80,2017.3.31,Weekly Report of 2017.3.31,2023-08-21,https://www.nepalstock.com/api/web/report/download-report/f7d58850f5fd3605b12a8378da286a96.pdf
81,2017.3.24,Weekly Report of 2017.3.24,2023-08-21,https://www.nepalstock.com/api/web/report/download-report/c6ad11fabda0ffb94c63e68e227d82f1.pdf
82,2017.3.17,Weekly Report of 2017.3.17,2023-08-21,https://www.nepalstock.com/api/web/report/download-report/bee2eeb98bb89276a5e92ec651f6924b.pdf
83,2017.3.10,Weekly Report of 2017.3.10,2023-08-21,https://www.nepalstock.com/api/web/report/download-report/a6d2eeecc48a06a907492f4c82ee8d69.pdf
84,2017.3.3,Weekly Report of 2017.3.3,2023-08-21,https://www.nepalstock.com/api/web/report/download-report/ed6db2a7b15b1ccd1128f134aefb2b80.pdf
85,2017.2.23,Weekly Report of 2017.2.23,2023-08-17,https://www.nepalstock.com/api/web/report/download-report/e6855ee575fb03057fb9fd44e0b21d0a.pdf
86,2017.2.17,Weekly Report of 2017.2.17,2023-08-17,https://www.nepalstock.com/api/web/report/download-report/db18b4343169027e6b2273628da7b132.pdf
87,2017.2.10,Weekly Report of 2017.2.10,2023-08-17,https://www.nepalstock.com/api/web/report/download-report/3e8180781d2bfa8d930c2b1198acf5e1.pdf
88,2017.2.3,Weekly Report of 2017.2.3,2023-08-17,https://www.nepalstock.com/api/web/report/download-report/bff310ce26f372e29ae02dbaaf87a97f.pdf
89,2017.1.27,Weekly Report of 2017.1.27,2023-08-17,https://www.nepalstock.com/api/web/report/download-report/bdb102db9e84e5119a5ccaf36004d020.pdf
90,2017.1.20,Weekly Report of 2017.1.20,2023-08-17,https://www.nepalstock.com/api/web/report/download-report/cd98aead804d56c40d7ca35e6a3252b9.pdf
91,2017.1.13,Weekly Report of 2017.1.13,2023-08-17,https://www.nepalstock.com/api/web/report/download-report/41ed0d271aad63a673aa58becd7fb16b.pdf
92,2017.1.6,Weekly Report of 2017.1.6,2023-08-17,https://www.nepalstock.com/api/web/report/download-report/4c9c2aa5821a77191d73eb5b9dad8b9e.pdf
93,2016.12.29,Weekly Report of 2016.12.29,2023-08-17,https://www.nepalstock.com/api/web/report/download-report/0e7fbe0618bdb40c788398a4aa5437ed.pdf
94,2016.12.23,Weekly Report of 2016.12.23,2023-08-17,https://www.nepalstock.com/api/web/report/download-report/14bdc9213acfac30156971368ae156fb.pdf
95,2016.12.16,Weekly Report of 2016.12.16,2023-08-17,https://www.nepalstock.com/api/web/report/download-report/7545897fec79d695c6d4da6b4c6799ef.pdf
96,2016.12.9,Weekly Report of 2016.12.9,2023-08-17,https://www.nepalstock.com/api/web/report/download-report/5b0be18e9f4fc93d60c6cc77e1ff5f86.pdf
97,2016.12.2,Weekly Report of 2016.12.2,2023-08-17,https://www.nepalstock.com/api/web/report/download-report/c8ed9a9448dac4d309328e57a021f905.pdf
98,2016.11.25,Weekly Report of 2016.11.25,2023-08-17,https://www.nepalstock.com/api/web/report/download-report/f6655c3239916c4abfb07a58a56fa4f8.pdf
99,2016.11.18,Weekly Report of 2016.11.18,2023-08-17,https://www.nepalstock.com/api/web/report/download-report/67bd79c04fbb01e6c0d8767455cc650a.pdf
100,2016.11.11,Weekly Report of 2016.11.11,2023-08-17,https://www.nepalstock.com/api/web/report/download-report/1417383cf4b8dabdc054ea5d08190c05.pdf
101,2016.10.28,Weekly Report of 2016.10.28,2023-08-17,https://www.nepalstock.com/api/web/report/download-report/66b9141ddbbea517d5231a127281fc8e.pdf
102,2016.10.21,Weekly Report of 2016.10.21,2023-08-17,https://www.nepalstock.com/api/web/report/download-report/44607b8d7c5b9f42309572020fc82dc3.pdf
103,2016.10.7,Weekly Report of 2016.10.7,2023-08-17,https://www.nepalstock.com/api/web/report/download-report/2060a358d6e364e633a3d4e0bf1fd931.pdf
104,2016.9.30,Weekly Report of 2016.9.30,2023-08-17,https://www.nepalstock.com/api/web/report/download-report/592dc92d194a4e70f7911e10c29c1ec8.pdf
105,2016.9.23,Weekly Report of 2016.9.23,2023-08-17,https://www.nepalstock.com/api/web/report/download-report/d4545409bc07e7f9ec7f22012025b111.pdf
106,2016.9.16,Weekly Report of 2016.9.16,2023-08-17,https://www.nepalstock.com/api/web/report/download-report/f032e31f10a242ee4b2734eea1ea2a3e.pdf
107,2016.9.9,Weekly Report of 2016.9.9,2023-08-17,https://www.nepalstock.com/api/web/report/download-report/c2c78e9e8154f9d5e4ad14fa8846d7c1.pdf
108,2016.9.2,Weekly Report of 2016.9.2,2023-08-17,https://www.nepalstock.com/api/web/report/download-report/ae122fa5cc4a6dff1b3d98207231437d.pdf
109,2016.8.26,Weekly Report of 2016.8.26,2023-08-17,https://www.nepalstock.com/api/web/report/download-report/a7552844158bdc9f6d3474d19d49a1ad.pdf
110,2016.8.12,Weekly Report of 2016.8.12,2023-08-17,https://www.nepalstock.com/api/web/report/download-report/8e5d44a4c896fc952472700f3fa59430.pdf
111,2016.8.5,Weekly Report of 2016.8.5,2023-08-17,https://www.nepalstock.com/api/web/report/download-report/97bf48ee4deab03807dc457bbae97bd2.pdf
112,2016.7.28,Weekly Report of 2016.7.28,2023-08-17,https://www.nepalstock.com/api/web/report/download-report/5d5c548adc1943d6b43be4a44d57a935.pdf
113,2016.7.22,Weekly Report of 2016.7.22,2023-08-17,https://www.nepalstock.com/api/web/report/download-report/6fb6aa5d06556a4efae27ff3b845fb7f.pdf
114,2016.7.15,Weekly Report of 2016.7.15,2023-08-17,https://www.nepalstock.com/api/web/report/download-report/ea48f48e2ef228fcea7f2b3363c9992c.pdf
115,2016.7.8,Weekly Report of 2016.7.8,2023-08-17,https://www.nepalstock.com/api/web/report/download-report/63626dc143af765086ca8186beabb598.pdf
116,2016.7.1,Weekly Report of 2016.7.1,2023-08-17,https://www.nepalstock.com/api/web/report/download-report/2c4f18d075d547750a524d646e9e2305.pdf
117,2016.6.24,Weekly Report of 2016.6.24,2023-08-17,https://www.nepalstock.com/api/web/report/download-report/0095fed32dba79ffd6ff02f2d451dc4e.pdf
118,2016.6.17,Weekly Report of 2016.6.17,2023-08-17,https://www.nepalstock.com/api/web/report/download-report/fbbe43edebd5f43cb502780af0e83928.pdf
119,2016.6.10,Weekly Report of 2016.6.10,2023-08-17,https://www.nepalstock.com/api/web/report/download-report/76bad917a2116b64cda8547785e83e07.pdf
120,2016.6.3,Weekly Report of 2016.6.3,2023-08-17,https://www.nepalstock.com/api/web/report/download-report/fddec0fe1ae64126c9b5767f6b60def1.pdf
121,2016.5.27,Weekly Report of 2016.5.27,2023-08-17,https://www.nepalstock.com/api/web/report/download-report/77170f985a6e07ecd72692ee3364eebc.pdf
122,2016.5.20,Weekly Report of 2016.5.20,2023-08-17,https://www.nepalstock.com/api/web/report/download-report/136ae65eb72f8da3020e5f7d71c271ef.pdf
123,2016.5.13,Weekly Report of 2016.5.13,2023-08-17,https://www.nepalstock.com/api/web/report/download-report/037994a5961a35f7c07974a90afd107f.pdf
124,2016.5.6,Weekly Report of 2016.5.6,2023-08-17,https://www.nepalstock.com/api/web/report/download-report/09b6e9bbb83f4d06877fac311d409bea.pdf
125,2016.4.29,Weekly Report of 2016.4.29,2023-08-17,https://www.nepalstock.com/api/web/report/download-report/17d9bb5d681f1774a0cac05005bd4d53.pdf
126,2016.4.22,Weekly Report of 2016.4.22,2023-08-17,https://www.nepalstock.com/api/web/report/download-report/ad941e27407e0b9dcc0f4086de03ead8.pdf
127,2016.4.14,Weekly Report of 2016.4.14,2023-08-17,https://www.nepalstock.com/api/web/report/download-report/bc484732a6fbd042647b33ee4ec4a12a.pdf
128,2016.4.8,Weekly Report of 2016.4.8,2023-08-17,https://www.nepalstock.com/api/web/report/download-report/a83bd05889a3492ca3af8f9539f7f356.pdf
129,2016.4.1,Weekly Report of 2016.4.1,2023-08-17,https://www.nepalstock.com/api/web/report/download-report/c26092adaf31ea6711516761298a07cd.pdf
130,2016.3.25,Weekly Report of 2016.3.25,2023-08-17,https://www.nepalstock.com/api/web/report/download-report/c319ded139a3ce1c783c6da81431135a.pdf
131,2016.3.16,Weekly Report of 2016.3.16,2023-08-17,https://www.nepalstock.com/api/web/report/download-report/f2abd1b12ada286cb25cc33dc4c997d2.pdf
132,2016.3.11,Weekly Report of 2016.3.11,2023-08-17,https://www.nepalstock.com/api/web/report/download-report/948fef60fc0ab275226e73fa43dd5be7.pdf
133,2016.3.4,Weekly Report of 2016.3.4,2023-08-17,https://www.nepalstock.com/api/web/report/download-report/2785944682212a9f96416f3a3725e854.pdf
134,2016.2.26,Weekly Report of 2016.2.26,2023-08-17,https://www.nepalstock.com/api/web/report/download-report/4ee9ab0098eaaa54e14f7444c65979a7.pdf
135,2016.2.18,Weekly Report of 2016.2.18,2023-08-17,https://www.nepalstock.com/api/web/report/download-report/103aeb5324e8ea1e9aae72cb0af916ae.pdf
136,2016.2.12,Weekly Report of 2016.2.12,2023-08-17,https://www.nepalstock.com/api/web/report/download-report/e6cc4f002c49451b6f839dde12a528f9.pdf
137,2016.2.5,Weekly Report of 2016.2.5,2023-08-17,https://www.nepalstock.com/api/web/report/download-report/6d7896d9ebdef7bafdaf71aaf4f33576.pdf
138,2016.1.29,Weekly Report of 2016.1.29,2023-08-16,https://www.nepalstock.com/api/web/report/download-report/d05e1ab4c53d1197c3010a5b4d4b0f6d.pdf
139,2016.1.22,Weekly Report of 2016.1.22,2023-08-16,https://www.nepalstock.com/api/web/report/download-report/7d1f8ddbc3acd79ba1add272e99aaa6a.pdf
140,2016.1.14,Weekly Report of 2016.1.14,2023-08-16,https://www.nepalstock.com/api/web/report/download-report/80c225bbe3bda4ad85aaaabf68a9800c.pdf
141,2016.1.8,Weekly Report of 2016.1.8,2023-08-16,https://www.nepalstock.com/api/web/report/download-report/cd3454726c65e99dc3e674c0fa562d59.pdf
142,2016.1.1,Weekly Report of 2016.1.1,2023-08-16,https://www.nepalstock.com/api/web/report/download-report/2be6750c28883274eca48741079f88ca.pdf
143,2015.12.24,Weekly Report of 2015.12.24,2023-08-16,https://www.nepalstock.com/api/web/report/download-report/0c2a168c935656b9b07fb63c65ad1fcd.pdf
144,2015.12.18,Weekly Report of 2015.12.18,2023-08-16,https://www.nepalstock.com/api/web/report/download-report/8bd0596353129144aef15442d67f9ede.pdf
145,2015.12.11,Weekly Report of 2015.12.11,2023-08-16,https://www.nepalstock.com/api/web/report/download-report/a26b66c31dba0ebf131296869a90416e.pdf
146,2015.12.4,Weekly Report of 2015.12.4,2023-08-16,https://www.nepalstock.com/api/web/report/download-report/1fe05743025f47a5fe90440758ad7d95.pdf
147,2015.11.27,Weekly Report of 2015.11.27,2023-08-16,https://www.nepalstock.com/api/web/report/download-report/a23d873916ed3220d6cf04ce91ec4e23.pdf
148,2015.11.20,Weekly Report of 2015.11.20,2023-08-16,https://www.nepalstock.com/api/web/report/download-report/fd3fea1199cc2afd0e3d66193d4dcfa1.pdf
149,2015.11.6,Weekly Report of 2015.11.6,2023-08-16,https://www.nepalstock.com/api/web/report/download-report/130d3cf98b0696fdb445e741641a53b5.pdf
150,2015.10.30,Weekly Report of 2015.10.30,2023-08-16,https://www.nepalstock.com/api/web/report/download-report/39b4810639c73f56afe6ad85ae1f6715.pdf
151,2015.10.16,Weekly Report of 2015.10.16,2023-08-16,https://www.nepalstock.com/api/web/report/download-report/5417d81e8087a4e4396eb6d5d6e91a09.pdf
152,2015.10.9,Weekly Report of 2015.10.9,2023-08-16,https://www.nepalstock.com/api/web/report/download-report/95aa1b08a5002042899058dea0e3b5de.pdf
153,2015.10.2,Weekly Report of 2015.10.2,2023-08-16,https://www.nepalstock.com/api/web/report/download-report/71fc74eb33d81e5f5712ecb56de3ae30.pdf
154,2015.9.18,Weekly Report of 2015.9.18,2023-08-16,https://www.nepalstock.com/api/web/report/download-report/dacc67b667a88503fac66d98da74a93b.pdf
155,2015.9.11,Weekly Report of 2015.9.11,2023-08-16,https://www.nepalstock.com/api/web/report/download-report/9bc4313a307e8d16de6cfc1c6d8e7c16.pdf
156,2015.9.4,Weekly Report of 2015.9.4,2023-08-16,https://www.nepalstock.com/api/web/report/download-report/09d62145bb9abb2779cc5e07dadc3858.pdf
157,2015.8.28,Weekly Report of 2015.8.28,2023-08-16,https://www.nepalstock.com/api/web/report/download-report/637f82fda276f546c76dcdca991c71d7.pdf
158,2015.8.21,Weekly Report of 2015.8.21,2023-08-16,https://www.nepalstock.com/api/web/report/download-report/d966c19f3dd0417fc287cdf94546e714.pdf
159,2015.8.14,Weekly Report of 2015.8.14,2023-08-16,https://www.nepalstock.com/api/web/report/download-report/4f12c00d76051f84fff17a3ee6206248.pdf
160,2015.8.7,Weekly Report of 2015.8.7,2023-08-16,https://www.nepalstock.com/api/web/report/download-report/383087aa1e6fe29332ec947ed608bd6f.pdf
161,2015.7.31,Weekly Report of 2015.7.31,2023-08-16,https://www.nepalstock.com/api/web/report/download-report/3eb540ebf794d1b5f95091408926929c.pdf
162,2015.7.24,Weekly Report of 2015.7.24,2023-08-16,https://www.nepalstock.com/api/web/report/download-report/b18abeb19a962c8b9b2400415231a3b9.pdf
163,2015.7.16,Weekly Report of 2015.7.16,2023-08-16,https://www.nepalstock.com/api/web/report/download-report/bd9bd4498d64a2a5393a5a01919e79d7.pdf
164,2015.7.10,Weekly Report of 2015.7.10,2023-08-16,https://www.nepalstock.com/api/web/report/download-report/cc20a03a68c9ca766b23715a0d3e83b7.pdf
165,2015.7.3,Weekly Report of 2015.7.3,2023-08-16,https://www.nepalstock.com/api/web/report/download-report/28aaa8f81e9a77b57f1d0ed277030e31.pdf
166,2015.6.26,Weekly Report of 2015.6.26,2023-08-16,https://www.nepalstock.com/api/web/report/download-report/5b74e91407b052025620303e887b63cf.pdf
167,2015.6.19,Weekly Report of 2015.6.19,2023-08-16,https://www.nepalstock.com/api/web/report/download-report/99451cdb806de22dc6f2bdfb0fd5f7a5.pdf
168,2015.6.12,Weekly Report of 2015.6.12,2023-08-16,https://www.nepalstock.com/api/web/report/download-report/1183f7c1b47eb50395ad7e6c86461c88.pdf
169,2015.6.5,Weekly Report of 2015.6.5,2023-08-16,https://www.nepalstock.com/api/web/report/download-report/59bec02f7c0e03fd6fbb3c238751f4ee.pdf
170,2015.5.28,Weekly Report of 2015.5.28,2023-08-16,https://www.nepalstock.com/api/web/report/download-report/2f6c1d026c2b0ad3a3e8ac1bd2c96374.pdf
171,2015.4.23,Weekly Report of 2015.4.23,2023-08-16,https://www.nepalstock.com/api/web/report/download-report/de4d673dc8fd5ed3257feaa83f4369cd.pdf
172,2015.4.17,Weekly Report of 2015.4.17,2023-08-16,https://www.nepalstock.com/api/web/report/download-report/e7b571f74e1c495a36f85eef37783095.pdf
173,2015.4.10,Weekly Report of 2015.4.10,2023-08-16,https://www.nepalstock.com/api/web/report/download-report/1b04788ee45d7fd721a4d8b22096d8a2.pdf
174,2015.4.3,Weekly Report of 2015.4.3,2023-08-16,https://www.nepalstock.com/api/web/report/download-report/afd1bb61aa9bea6e3ed2fb9885e6518f.pdf
175,2015.3.27,Weekly Report of 2015.3.27,2023-08-16,https://www.nepalstock.com/api/web/report/download-report/b2aa2dcedb4088f62f162c858d6ca8eb.pdf
176,2015.3.13,Weekly Report of 2015.3.13,2023-08-16,https://www.nepalstock.com/api/web/report/download-report/36bebb4bf418245765b531f80e66e011.pdf
177,2015.3.6,Weekly Report of 2015.3.6,2023-08-16,https://www.nepalstock.com/api/web/report/download-report/5d3452bc21174b71d4a49ae1c383dfb8.pdf
178,2015.2.27,Weekly Report of 2015.2.27,2023-08-16,https://www.nepalstock.com/api/web/report/download-report/c0ebdbc81740893d1bbd24b4f9ddfbad.pdf
179,2015.2.20,Weekly Report of 2015.2.20,2023-08-16,https://www.nepalstock.com/api/web/report/download-report/de4e7d27b7cd97095ebfcdaa88198aea.pdf
180,2015.2.13,Weekly Report of 2015.2.13,2023-08-16,https://www.nepalstock.com/api/web/report/download-report/ceb02823200b60b50534a8b0f5ac14a7.pdf
181,2015.2.6,Weekly Report of 2015.2.6,2023-08-16,https://www.nepalstock.com/api/web/report/download-report/540366a06f97d57847c25963e7d3e805.pdf
182,2015.1.29,Weekly Report of 2015.1.29,2023-08-16,https://www.nepalstock.com/api/web/report/download-report/b3639504be3ffc31a98692048140912d.pdf
183,2015.1.23,Weekly Report of 2015.1.23,2023-08-16,https://www.nepalstock.com/api/web/report/download-report/1449cffc5e258ccb4a08912bcaf15705.pdf
184,2015.1.16,Weekly Report of 2015.1.16,2023-08-16,https://www.nepalstock.com/api/web/report/download-report/4b278460499081e9bc231cd93ec515b4.pdf
185,2015.1.9,Weekly Report of 2015.1.9,2023-08-16,https://www.nepalstock.com/api/web/report/download-report/b08bb3f211f2d3b877296270610eed46.pdf
186,2015.1.2,Weekly Report of 2015.1.2,2023-08-16,https://www.nepalstock.com/api/web/report/download-report/c2e404158375176deac09e89baf2bcc1.pdf
187,2014.12.26,Weekly Report of 2014.12.26,2023-08-16,https://www.nepalstock.com/api/web/report/download-report/44264dd329be219411b24ec742ffa330.pdf
188,2014.12.19,Weekly Report of 2014.12.19,2023-08-16,https://www.nepalstock.com/api/web/report/download-report/bca33b7454a36a4d49391d16dc9d12ef.pdf
189,2014.12.12,Weekly Report of 2014.12.12,2023-08-16,https://www.nepalstock.com/api/web/report/download-report/cfef53f80090fe044b948804f7888191.pdf
190,2014.12.5,Weekly Report of 2014.12.5,2023-08-16,https://www.nepalstock.com/api/web/report/download-report/ec4048d2f8f06db236aa9e384cdc4e7b.pdf
191,2014.11.28,Weekly Report of 2014.11.28,2023-08-16,https://www.nepalstock.com/api/web/report/download-report/46785225c34c60160977e3b045abaf68.pdf
192,2014.11.21,Weekly Report of 2014.11.21,2023-08-16,https://www.nepalstock.com/api/web/report/download-report/5bf6c65f0f22a76a604f0260931fdf1e.pdf
193,2014.11.14,Weekly Report of 2014.11.14,2023-08-16,https://www.nepalstock.com/api/web/report/download-report/63bceecf37357e8505ac13781b3d622f.pdf
194,2014.11.7,Weekly Report of 2014.11.7,2023-08-16,https://www.nepalstock.com/api/web/report/download-report/b2f28ebe22968e822c8fa4269c45d6da.pdf
195,2014.10.31,Weekly Report of 2014.10.31,2023-08-16,https://www.nepalstock.com/api/web/report/download-report/19ab7bd5ef6dda382847028054e5721c.pdf
196,2014.10.17,Weekly Report of 2014.10.17,2023-08-16,https://www.nepalstock.com/api/web/report/download-report/62ff4965a60fcdaa25814477b87b2b27.pdf
197,2014.9.26,Weekly Report of 2014.9.26,2023-08-16,https://www.nepalstock.com/api/web/report/download-report/4b3319fbd3e127afad7eb11198609ba1.pdf
198,2014.9.19,Weekly Report of 2014.9.19,2023-08-16,https://www.nepalstock.com/api/web/report/download-report/642f4c920ced0eb25ac54ebedd4e1c52.pdf
199,2014.9.12,Weekly Report of 2014.9.12,2023-08-16,https://www.nepalstock.com/api/web/report/download-report/c55f49d5b0df8235fd0fce6ed921cc73.pdf
200,2014.9.5,Weekly Report of 2014.9.5,2023-08-16,https://www.nepalstock.com/api/web/report/download-report/1b775dbd9f0a3e9155947207530ea952.pdf
201,2014.8.29,Weekly Report of 2014.8.29,2023-08-16,https://www.nepalstock.com/api/web/report/download-report/54529702d9014bfb51bcf6c4638cee48.pdf
202,2014.8.22,Weekly Report of 2014.8.22,2023-08-16,https://www.nepalstock.com/api/web/report/download-report/77c8e0ba6bbec550e7b12fa3eeacb312.pdf
203,2014.8.15,Weekly Report of 2014.8.15,2023-08-16,https://www.nepalstock.com/api/web/report/download-report/b9f54bfd4c06fc7e015463ab6c6a7540.pdf
204,2014.8.8,Weekly Report of 2014.8.8,2023-08-16,https://www.nepalstock.com/api/web/report/download-report/3171d8d7f98d17b3e11afd6c93cac396.pdf
205,2014.8.1,Weekly Report of 2014.8.1,2023-08-16,https://www.nepalstock.com/api/web/report/download-report/ec63c453767ed8df00a809159e096b68.pdf
206,2014.7.25,Weekly Report of 2014.7.25,2023-08-16,https://www.nepalstock.com/api/web/report/download-report/710ea37b9e559c301dc5ec5488d05125.pdf
207,2014.7.18,Weekly Report of 2014.7.18,2023-08-16,https://www.nepalstock.com/api/web/report/download-report/e9d316e5d591ca41c2132e48c44281cf.pdf
208,2014.7.11,Weekly Report of 2014.7.11,2023-08-16,https://www.nepalstock.com/api/web/report/download-report/1bd6d22e0396e7333de45572c720a4f7.pdf
209,2014.7.4,Weekly Report of 2014.7.4,2023-08-16,https://www.nepalstock.com/api/web/report/download-report/f10ec5663ad75b33c5252fc61cee0b0b.pdf
210,2014.6.27,Weekly Report of 2014.6.27,2023-08-16,https://www.nepalstock.com/api/web/report/download-report/5476f8bea200cc38ed86a98a11e26eeb.pdf
211,2014.6.20,Weekly Report of 2014.6.20,2023-08-16,https://www.nepalstock.com/api/web/report/download-report/60f2a926aae2b097760fbd44ab088a7f.pdf
212,2014.6.13,Weekly Report of 2014.6.13,2023-08-16,https://www.nepalstock.com/api/web/report/download-report/c30404dce2de1715286cd080a15fa6a6.pdf
213,2014.6.6,Weekly Report of 2014.6.6,2023-08-16,https://www.nepalstock.com/api/web/report/download-report/e76811a84dee19c5bcbfe758daec60a8.pdf
214,2014.5.30,Weekly Report of 2014.5.30,2023-08-16,https://www.nepalstock.com/api/web/report/download-report/e6f0450581cd9dcbf5bd74b4889c412b.pdf
215,2014.5.23,Weekly Report of 2014.5.23,2023-08-16,https://www.nepalstock.com/api/web/report/download-report/6c3c3fa4edd54eee89f541d7e08dc593.pdf
216,2014.5.15,Weekly Report of 2014.5.15,2023-08-16,https://www.nepalstock.com/api/web/report/download-report/242d8da9e7c78b4d5f0e3a0cf9197b6d.pdf
217,2014.5.9,Weekly Report of 2014.5.9,2023-08-16,https://www.nepalstock.com/api/web/report/download-report/52a14190efce77df6bbc86c2ec0af444.pdf
218,2014.5.2,Weekly Report of 2014.5.2,2023-08-16,https://www.nepalstock.com/api/web/report/download-report/d414326bccbaad2885ed76150d6d191a.pdf
219,2014.4.25,Weekly Report of 2014.4.25,2023-08-16,https://www.nepalstock.com/api/web/report/download-report/185606f398306d5a8b9c3c530d6ef0cd.pdf
220,2014.4.18,Weekly Report of 2014.4.18,2023-08-16,https://www.nepalstock.com/api/web/report/download-report/36ade370702ecfa35ef8c5f3e090e927.pdf
221,2014.4.10,Weekly Report of 2014.4.10,2023-08-16,https://www.nepalstock.com/api/web/report/download-report/a290e5a3ef9e547458d39632ba1d676a.pdf
222,2014.4.4,Weekly Report of 2014.4.4,2023-08-16,https://www.nepalstock.com/api/web/report/download-report/85e64854b508f2401f4562eacf868d98.pdf
223,2014.3.28,Weekly Report of 2014.3.28,2023-08-16,https://www.nepalstock.com/api/web/report/download-report/37c8c8429cb80f63cf762517a7a8808c.pdf
224,2014.3.20,Weekly Report of 2014.3.20,2023-08-16,https://www.nepalstock.com/api/web/report/download-report/32fb0f307a82d3d8d59bbc01490a4130.pdf
225,2014.3.13,Weekly Report of 2014.3.13,2023-08-16,https://www.nepalstock.com/api/web/report/download-report/8936ac4930590b821fa5c56e6cad25aa.pdf
226,2014.3.6,Weekly Report of 2014.3.6,2023-08-16,https://www.nepalstock.com/api/web/report/download-report/e51a3b52c865ace3900617e06f8cbbd3.pdf
227,2014.2.28,Weekly Report of 2014.2.28,2023-08-15,https://www.nepalstock.com/api/web/report/download-report/64f21da42bc9b55e5269fdedf7603b72.pdf
228,2014.2.21,Weekly Report of 2014.2.21,2023-08-15,https://www.nepalstock.com/api/web/report/download-report/e1605b39965c1737830fa4b0802d1f3d.pdf
229,2014.2.13,Weekly Report of 2014.2.13,2023-08-15,https://www.nepalstock.com/api/web/report/download-report/76d75c597a853ec7f8dc8542608f24ce.pdf
230,2014.2.6,Weekly Report of 2014.2.6,2023-08-15,https://www.nepalstock.com/api/web/report/download-report/928215240431159d0ee100d367db313b.pdf
231,2014.1.24,Weekly Report of 2014.1.24,2023-08-15,https://www.nepalstock.com/api/web/report/download-report/22b7530994fc66d6aef38a60388a3418.pdf
232,2014.1.17,Weekly Report of 2014.1.17,2023-08-15,https://www.nepalstock.com/api/web/report/download-report/f8fece53dcd445dd3f92b2f69c2c4cc6.pdf
233,2014.1.10,Weekly Report of 2014.1.10,2023-08-15,https://www.nepalstock.com/api/web/report/download-report/47ed6e526f9526d505335ba01547fccd.pdf
234,2014.1.3,Weekly Report of 2014.1.3,2023-08-15,https://www.nepalstock.com/api/web/report/download-report/4952c21765c23dd361844a6129597bcd.pdf
235,2013.12.27,Weekly Report of 2013.12.27,2023-08-15,https://www.nepalstock.com/api/web/report/download-report/57f146bf983070894f17a327af99aa09.pdf
236,2013.12.20,Weekly Report of 2013.12.20,2023-08-15,https://www.nepalstock.com/api/web/report/download-report/44f16a9fe7a5f7f7efa2a3bf27d8953a.pdf
237,2013.12.13,Weekly Report of 2013.12.13,2023-08-15,https://www.nepalstock.com/api/web/report/download-report/1758354a03f16b072785b7465a47ca2c.pdf
238,2013.12.6,Weekly Report of 2013.12.6,2023-08-15,https://www.nepalstock.com/api/web/report/download-report/4d76ac2179a8eb5471813a4dccf69471.pdf
239,2013.11.29,Weekly Report of 2013.11.29,2023-08-15,https://www.nepalstock.com/api/web/report/download-report/f34e256a736438f39a33f245043710c4.pdf
240,2013.11.15,Weekly Report of 2013.11.15,2023-08-15,https://www.nepalstock.com/api/web/report/download-report/5b67f45117542d08855a2b31c8e74033.pdf
241,2013.11.1,Weekly Report of 2013.11.1,2023-08-15,https://www.nepalstock.com/api/web/report/download-report/2361744a42f9a7c0d87b1deff28cacb1.pdf
242,2013.10.25,Weekly Report of 2013.10.25,2023-08-15,https://www.nepalstock.com/api/web/report/download-report/a09ce616e72e5e284dac00c55b3e605a.pdf
243,2013.10.10,Weekly Report of 2013.10.10,2023-08-15,https://www.nepalstock.com/api/web/report/download-report/71f27925e7db5784f54e8fd88f03b44b.pdf
244,2013.10.4,Weekly Report of 2013.10.4,2023-08-15,https://www.nepalstock.com/api/web/report/download-report/645c28f12c252388b2132560fd26e66c.pdf
245,2013.9.27,Weekly Report of 2013.9.27,2023-08-15,https://www.nepalstock.com/api/web/report/download-report/0bb4a74ed72cce19e5f0c9f51eb709d6.pdf
246,2013.9.20,Weekly Report of 2013.9.20,2023-08-15,https://www.nepalstock.com/api/web/report/download-report/08ccedf09d7351e59e29eca310e082ee.pdf
247,2013.9.13,Weekly Report of 2013.9.13,2023-08-15,https://www.nepalstock.com/api/web/report/download-report/d707d2456facde11fd61a9969859d514.pdf
248,2013.9.6,Weekly Report of 2013.9.6,2023-08-15,https://www.nepalstock.com/api/web/report/download-report/969abf272d46db6be19b5f2833ce8d52.pdf
249,2013.8.30,Weekly Report of 2013.8.30,2023-08-15,https://www.nepalstock.com/api/web/report/download-report/2c7cd334794b866e42f076f72040aa74.pdf
250,2013.8.23,Weekly Report of 2013.8.23,2023-08-15,https://www.nepalstock.com/api/web/report/download-report/1c6a6fa71f5123cbb788b7c14c4c0481.pdf
251,2013.8.16,Weekly Report of 2013.8.16,2023-08-15,https://www.nepalstock.com/api/web/report/download-report/acb9ae09da0e8afd425c5438365f69b4.pdf
252,2013.8.9,Weekly Report of 2013.8.9,2023-08-15,https://www.nepalstock.com/api/web/report/download-report/f2d4d13f9d0a7a9c45d605f6994f126f.pdf
253,2013.8.2,Weekly Report of 2013.8.2,2023-08-15,https://www.nepalstock.com/api/web/report/download-report/0ecbbe9978153104f60390e22b894c52.pdf
254,2013.7.26,Weekly Report of 2013.7.26,2023-08-15,https://www.nepalstock.com/api/web/report/download-report/c09bc2aaeb5fc42d39ff74de7e10a062.pdf
255,2013.7.19,Weekly Report of 2013.7.19,2023-08-15,https://www.nepalstock.com/api/web/report/download-report/c0bc636d9806d875d5e96cf1f1c868dc.pdf
256,2013.7.12,Weekly Report of 2013.7.12,2023-08-15,https://www.nepalstock.com/api/web/report/download-report/4594217400b9934bc68ebcfedd9b50f5.pdf
257,2013.7.5,Weekly Report of 2013.7.5,2023-08-15,https://www.nepalstock.com/api/web/report/download-report/b664d7ade1da74b9df7a1809996b0ec5.pdf
258,2013.6.28,Weekly Report of 2013.6.28,2023-08-15,https://www.nepalstock.com/api/web/report/download-report/eb026d3d5f4bc16e848d257caeee5fe7.pdf
259,2013.6.21,Weekly Report of 2013.6.21,2023-08-15,https://www.nepalstock.com/api/web/report/download-report/7f03960990b1ed6592aaea86531c12ff.pdf
260,2013.6.14,Weekly Report of 2013.6.14,2023-08-15,https://www.nepalstock.com/api/web/report/download-report/2d710fc7380743aedec2e51c6b4fe35e.pdf
261,2013.6.6,Weekly Report of 2013.6.6,2023-08-15,https://www.nepalstock.com/api/web/report/download-report/ce3b64724b40ee4455cc99e83fe214a5.pdf
262,2013.5.31,Weekly Report of 2013.5.31,2023-08-15,https://www.nepalstock.com/api/web/report/download-report/9d56c18b7cdeee1bdfd58fb99e797cce.pdf
263,2013.5.24,Weekly Report of 2013.5.24,2023-08-15,https://www.nepalstock.com/api/web/report/download-report/82f106c856b863c03c69249897321a7c.pdf
264,2013.5.17,Weekly Report of 2013.5.17,2023-08-15,https://www.nepalstock.com/api/web/report/download-report/208bcacbf5651a3dd30f64b0ae1f6dd1.pdf
265,2013.5.10,Weekly Report of 2013.5.10,2023-08-15,https://www.nepalstock.com/api/web/report/download-report/bd15ca4332d3561e31db89d8a9cc9b9d.pdf
266,2013.5.3,Weekly Report of 2013.5.3,2023-08-15,https://www.nepalstock.com/api/web/report/download-report/df4a386aede6ccc74e881d04e57e6cac.pdf
267,2013.4.26,Weekly Report of 2013.4.26,2023-08-15,https://www.nepalstock.com/api/web/report/download-report/16b630c3e2d66d77e5e7fb143f09cc08.pdf
268,2013.4.18,Weekly Report of 2013.4.18,2023-08-15,https://www.nepalstock.com/api/web/report/download-report/aa1c8818ebefc9b2646eceba8ea2f294.pdf
269,2013.4.12,Weekly Report of 2013.4.12,2023-08-15,https://www.nepalstock.com/api/web/report/download-report/7ced564b36a3e9fbee11eaedc758bf5f.pdf
270,2013.4.5,Weekly Report of 2013.4.5,2023-08-15,https://www.nepalstock.com/api/web/report/download-report/f3572af606add111725a9f287e94651d.pdf
271,2013.3.29,Weekly Report of 2013.3.29,2023-08-15,https://www.nepalstock.com/api/web/report/download-report/b7b188f7d5daaea151c8eada6a3a00af.pdf
272,2013.3.22,Weekly Report of 2013.3.22,2023-08-15,https://www.nepalstock.com/api/web/report/download-report/df3bc112b432a9c23034618797a38854.pdf
273,2013.3.15,Weekly Report of 2013.3.15,2023-08-15,https://www.nepalstock.com/api/web/report/download-report/a0e7ec53f5ab36d60dc07189f2450618.pdf
274,2013.3.1,Weekly Report of 2013.3.1,2023-08-15,https://www.nepalstock.com/api/web/report/download-report/7977dc7494cee77d6923ed3c906c14a7.pdf
275,2013.2.22,Weekly Report of 2013.2.22,2023-08-15,https://www.nepalstock.com/api/web/report/download-report/353fc658068b1b378d5d85f3ca6b34cc.pdf
276,2013.2.15,Weekly Report of 2013.2.15,2023-08-15,https://www.nepalstock.com/api/web/report/download-report/474e0a795127241e0b369099dfe183cb.pdf
277,2013.2.8,Weekly Report of 2013.2.8,2023-08-15,https://www.nepalstock.com/api/web/report/download-report/2da25cb16a6dd6dc83b2556b469e2bc4.pdf
278,2013.2.1,Weekly Report of 2013.2.1,2023-08-15,https://www.nepalstock.com/api/web/report/download-report/a3ab92cb4be1aaace2b582a933665e34.pdf
279,2013.1.25,Weekly Report of 2013.1.25,2023-08-15,https://www.nepalstock.com/api/web/report/download-report/79cfcba66efb805c5284fad1e816305f.pdf
280,2013.1.18,Weekly Report of 2013.1.18,2023-08-15,https://www.nepalstock.com/api/web/report/download-report/c35e43c8cf1c73f6b98dc446190137e1.pdf
281,2013.1.11,Weekly Report of 2013.1.11,2023-08-15,https://www.nepalstock.com/api/web/report/download-report/96b3829a93395462a2afbbd454112bfb.pdf
282,2013.1.4,Weekly Report of 2013.1.4,2023-08-15,https://www.nepalstock.com/api/web/report/download-report/28d7b6272210838845ea94262d1d3a21.pdf
283,2012.12.27,Weekly Report of 2012.12.27,2023-08-15,https://www.nepalstock.com/api/web/report/download-report/c93a2ace656fec0a7d2cf629a5bc3768.pdf
284,2012.12.21,Weekly Report of 2012.12.21,2023-08-15,https://www.nepalstock.com/api/web/report/download-report/c1094e153b201a799a9e46f0093c5d28.pdf
285,2012.12.14,Weekly Report of 2012.12.14,2023-08-15,https://www.nepalstock.com/api/web/report/download-report/484e2046731b41bf61dd03fd5d8533d5.pdf
286,2012.12.7,Weekly Report of 2012.12.7,2023-08-15,https://www.nepalstock.com/api/web/report/download-report/944a36d1cb5d25add513b43c2451e4b2.pdf
287,2012.11.30,Weekly Report of 2012.11.30,2023-08-15,https://www.nepalstock.com/api/web/report/download-report/2d391fd7633dd20216bb1a09912c3fe4.pdf
288,2012.11.23,Weekly Report of 2012.11.23,2023-08-15,https://www.nepalstock.com/api/web/report/download-report/e56eaa1b607994bb45d8ab72f2894064.pdf
289,2012.11.16,Weekly Report of  2012.11.16,2023-08-15,https://www.nepalstock.com/api/web/report/download-report/6318f0f3899ceae4b906172b0f6a1ed1.pdf
290,2012.10.19,Weekly Report of 2012.10.19,2023-08-14,https://www.nepalstock.com/api/web/report/download-report/274f1576d5fb12fefeae2ccc0c4a20fe.pdf
291,2012.10.12,Weekly Report of 2012.10.12,2023-08-14,https://www.nepalstock.com/api/web/report/download-report/5f64df61b00d5ea683d4ce13ed2e1ccc.pdf
292,2012.10.4,Weekly Report of 2012.10.4,2023-08-14,https://www.nepalstock.com/api/web/report/download-report/751b55362c775bd98c43c513de741b3f.pdf
293,2012.9.28,Weekly Report of 2012.9.28,2023-08-14,https://www.nepalstock.com/api/web/report/download-report/7a64926f575210d24f99ea357f8014de.pdf
294,2012.9.21,Weekly Report of 2012.9.21,2023-08-14,https://www.nepalstock.com/api/web/report/download-report/7233cba7115667202879bb08b374403e.pdf
295,2012.9.14,Weekly Report of 2012.9.14,2023-08-14,https://www.nepalstock.com/api/web/report/download-report/7881a51ed7517c29506d528e60d74919.pdf
296,2012.9.7,Weekly Report of 2012.9.7,2023-08-14,https://www.nepalstock.com/api/web/report/download-report/c304c94509feaca0c608552b03dc0a54.pdf
297,2012.8.31,Weekly Report of 2012.8.31,2023-08-14,https://www.nepalstock.com/api/web/report/download-report/7ae6c27af27c43ea5a80bee5c6752c01.pdf
298,2012.8.24,Weekly Report of 2012.8.24,2023-08-14,https://www.nepalstock.com/api/web/report/download-report/0fa95ebc383ea7acf39ae53bbc021685.pdf
299,2012.8.17,Weekly Report of 2012.8.17,2023-08-14,https://www.nepalstock.com/api/web/report/download-report/61f90a7573bd9b818b9e339797bc227a.pdf
300,2012.8.10,Weekly Report of 2012.8.10,2023-08-14,https://www.nepalstock.com/api/web/report/download-report/6abf500b70c68aa3bbadc8578511f246.pdf
301,2012.8.2,Weekly Report of 2012.8.2,2023-08-14,https://www.nepalstock.com/api/web/report/download-report/0578a245129cd53e18a3b42fc67646de.pdf
302,2012.7.27,Weekly Report of 2012.7.27,2023-08-14,https://www.nepalstock.com/api/web/report/download-report/8f86a542298291ebf6df948f3f5d6613.pdf
303,2012.7.20,Weekly Report of 2012.7.20,2023-08-14,https://www.nepalstock.com/api/web/report/download-report/3d106fc2bb3a297f97e640e63373f6af.pdf
304,2012.7.13,Weekly Report of 2012.7.13,2023-08-14,https://www.nepalstock.com/api/web/report/download-report/e79a3253e18164c3827d7a0b918fde89.pdf
305,2012.7.6,Weekly Report of 2012.7.6,2023-08-14,https://www.nepalstock.com/api/web/report/download-report/9f3939a48f7b6a99920eacf801672c79.pdf
306,2012.6.29,Weekly Report of 2012.6.29,2023-08-14,https://www.nepalstock.com/api/web/report/download-report/a94de73fa26eeb33a9755d27c1e988ed.pdf
307,2012.6.22,Weekly Report of 2012.6.22,2023-08-14,https://www.nepalstock.com/api/web/report/download-report/1ebc361b61d872ea56e35522476b31b9.pdf
308,2012.6.8,Weekly Report of 2012.6.8,2023-08-14,https://www.nepalstock.com/api/web/report/download-report/4243e163d9dec25e40ee7f50a964da4a.pdf
309,2012.6.1,Weekly Report of 2012.6.1,2023-08-14,https://www.nepalstock.com/api/web/report/download-report/e6403355d8333f505b55023408aad32a.pdf
310,2012.5.18,Weekly Report of 2012.5.18,2023-08-14,https://www.nepalstock.com/api/web/report/download-report/ea80a7034ce247622707751cb5bb28b4.pdf
311,2012.5.11,Weekly Report of 2012.5.11,2023-08-14,https://www.nepalstock.com/api/web/report/download-report/33f3eb0a4659a8a5b401173a30f7fcd4.pdf
312,2012.5.4,Weekly Report of 2012.5.4,2023-08-14,https://www.nepalstock.com/api/web/report/download-report/ed6340819a2dd93867cdbab5d1d0853c.pdf
313,2012.4.27,Weekly Report of 2012.4.27,2023-08-14,https://www.nepalstock.com/api/web/report/download-report/ba0467f447ef14280532114d91ef1cdc.pdf
314,2012.4.20,Weekly Report of 2012.4.20,2023-08-14,https://www.nepalstock.com/api/web/report/download-report/2e96dae4ba608f107f61e17b64cb9170.pdf
315,2012.4.13,Weekly Report of 2012.4.13,2023-08-14,https://www.nepalstock.com/api/web/report/download-report/8fb4f29e3278e79fdb340034796bb66a.pdf
316,2012.4.6,Weekly Report of 2012.4.6,2023-08-14,https://www.nepalstock.com/api/web/report/download-report/30d5ce621d0897c0bcd7a937ab5416df.pdf
317,2012.3.30,Weekly Report of 2012.3.30,2023-08-14,https://www.nepalstock.com/api/web/report/download-report/a277dbc559c2d431cfb83e771db7f6b7.pdf
318,2012.3.23,Weekly Report of 2012.3.23,2023-08-14,https://www.nepalstock.com/api/web/report/download-report/e254af26a23c7757ef9079917d408a8c.pdf
319,2012.3.16,Weekly Report of 2012.3.16,2023-08-14,https://www.nepalstock.com/api/web/report/download-report/d636e198fc4bc2f540d9d68439ae4d55.pdf
320,2012.3.9,Weekly Report of 2012.3.9,2023-08-14,https://www.nepalstock.com/api/web/report/download-report/e1791e5363299d0c86ffba5e04446c08.pdf
321,2012.3.2,Weekly Report of 2012.3.2,2023-08-14,https://www.nepalstock.com/api/web/report/download-report/e1e8e02cb9d61ccb952e37336fed31ce.pdf
322,2012.2.24,Weekly Report of 2012.2.24,2023-08-14,https://www.nepalstock.com/api/web/report/download-report/3d2b8e50c2905c9866c3ebb49fdd9731.pdf
323,2012.2.17,Weekly Report of 2012.2.17,2023-08-14,https://www.nepalstock.com/api/web/report/download-report/55ef691e2166df91762b8ae10b953295.pdf
324,2012.2.9,Weekly Report of 2012.2.9,2023-08-14,https://www.nepalstock.com/api/web/report/download-report/4d1fae24574655c11b9c2eeb848c3247.pdf
325,2012.2.3,Weekly Report of 2012.2.3,2023-08-14,https://www.nepalstock.com/api/web/report/download-report/d5fd9975c0a678f5c244d82bd9feacd1.pdf
326,2012.1.27,Weekly Report of 2012.1.27,2023-08-14,https://www.nepalstock.com/api/web/report/download-report/2f6477b07ac77eaa99b1bb456e22d0aa.pdf
327,2012.1.20,Weekly Report of 2012.1.20,2023-08-14,https://www.nepalstock.com/api/web/report/download-report/a7caffccc30a31567e24dd096d3beb4c.pdf
328,2012.1.13,Weekly Report of 2012.1.13,2023-08-14,https://www.nepalstock.com/api/web/report/download-report/749a6303f9434aba9f1539112f90df0f.pdf
329,2012.1.6,Weekly Report of 2012.1.6,2023-08-14,https://www.nepalstock.com/api/web/report/download-report/df460f82015657c42b7572e3449ce9ad.pdf
330,2011.12.30,Weekly Report of 2011.12.30,2023-08-14,https://www.nepalstock.com/api/web/report/download-report/3b46c6cc1d79cf530ba3ced2bfb9fe69.pdf
331,2011.12.23,Weekly Report of 2011.12.23,2023-08-14,https://www.nepalstock.com/api/web/report/download-report/95dcb3cb93b6b13d924f5349008c6373.pdf
332,2011.12.16,Weekly Report of 2011.12.16,2023-08-14,https://www.nepalstock.com/api/web/report/download-report/2e5d22eb4896dfb4369a2ab82209bebc.pdf
333,2011.12.9,Weekly Report of 2011.12.9,2023-08-14,https://www.nepalstock.com/api/web/report/download-report/7bab21a110e49338dfeef98c63aa1e4e.pdf
334,2011.12.2,Weekly Report of 2011.12.2,2023-08-14,https://www.nepalstock.com/api/web/report/download-report/b18a1f6bf3f0a8c680bb837056b45024.pdf
335,2011.11.25,Weekly Report of 2011.11.25,2023-08-14,https://www.nepalstock.com/api/web/report/download-report/62fb158e4d27d3fe2fe9fe2cea7b3b93.pdf
336,2011.11.18,Weekly Report of 2011.11.18,2023-08-14,https://www.nepalstock.com/api/web/report/download-report/c94153a8c1ec81edd62da8485926ec96.pdf
337,2011.11.11,Weekly Report of 2011.11.11,2023-08-14,https://www.nepalstock.com/api/web/report/download-report/49b6a986eeddf96f3b767cca9cb26ffa.pdf
338,2011.11.4,Weekly Report of 2011.11.4,2023-08-14,https://www.nepalstock.com/api/web/report/download-report/8685212650e32fb53b09ac50ba6385f8.pdf
339,2011.10.21,Weekly Report of 2011.10.21,2023-08-14,https://www.nepalstock.com/api/web/report/download-report/a445f12ad1a989e65bca9fe75a7780b8.pdf
340,2011.10.14,Weekly Report of 2011.10.14,2023-08-14,https://www.nepalstock.com/api/web/report/download-report/eab7bbf5113d662e7f1f0c6c8e7678eb.pdf
341,2011.9.30,Weekly Report of 2011.9.30,2023-08-14,https://www.nepalstock.com/api/web/report/download-report/66899103e54cda0c6afb1e6ca3de57b6.pdf
342,2011.9.23,Weekly Report of 2011.9.23,2023-08-14,https://www.nepalstock.com/api/web/report/download-report/6722bb971d3a36374c4a90dbbd87faeb.pdf
343,2011.9.16,Weekly Report of 2011.9.16,2023-08-14,https://www.nepalstock.com/api/web/report/download-report/7dd1799430ed3037265e9df255d93956.pdf
344,2011.9.9,Weekly Report of 2011.9.9,2023-08-14,https://www.nepalstock.com/api/web/report/download-report/039846a2b326ade07e94af8cb0e40f4f.pdf
345,2011.9.2,Weekly Report of 2011.9.2,2023-08-14,https://www.nepalstock.com/api/web/report/download-report/80b09d408757ebaabc6dd2ab5c1f2220.pdf
346,2011.8.26,Weekly Report of 2011.8.26,2023-08-14,https://www.nepalstock.com/api/web/report/download-report/59241ee5b3a60eb0227d1e228d8f0347.pdf
347,2011.8.19,Weekly Report of 2011.8.19,2023-08-14,https://www.nepalstock.com/api/web/report/download-report/a1879983e80527f612416cf51630d8a6.pdf
348,2011.8.12,Weekly Report of 2011.8.12,2023-08-14,https://www.nepalstock.com/api/web/report/download-report/9b72519a6dc577ae1d794fd3b832b03f.pdf
349,2011.8.5,Weekly Report of 2011.8.5,2023-08-14,https://www.nepalstock.com/api/web/report/download-report/3bbe340175c43c154273c702db5b49ea.pdf
350,2011.7.29,Weekly Report of 2011.7.29,2023-08-14,https://www.nepalstock.com/api/web/report/download-report/928c40415f2f16aa90ae916fc8129d1e.pdf
351,2011.7.22,Weekly Report of 2011.7.22,2023-08-14,https://www.nepalstock.com/api/web/report/download-report/dec7532039e6ab6ee384e5172e179363.pdf
352,2011.7.15,Weekly Report of 2011.7.15,2023-08-14,https://www.nepalstock.com/api/web/report/download-report/375ef11cf50f671920cd3733ae3b1566.pdf
353,2011.7.8,Weekly Report of 2011.7.8,2023-08-14,https://www.nepalstock.com/api/web/report/download-report/6a6818c72e5d58775724b8bcc92176d7.pdf
354,2011.7.1,Weekly Report of 2011.7.1,2023-08-14,https://www.nepalstock.com/api/web/report/download-report/b480a61968e496af0be6c18bf26f5422.pdf
355,2011.6.24,Weekly Report of 2011.6.24,2023-08-14,https://www.nepalstock.com/api/web/report/download-report/98bdcb433784a163386226d2b8ba2d04.pdf
356,2011.6.17,Weekly Report of 2011.6.17,2023-08-14,https://www.nepalstock.com/api/web/report/download-report/e7bcfdfbb547ae6909ec8b567da04744.pdf
357,2011.6.10,Weekly Report of 2011.6.10,2023-08-14,https://www.nepalstock.com/api/web/report/download-report/fd310adcb5c56adc795e561c48ceb639.pdf
358,2011.6.3,Weekly Report of 2011.6.3,2023-08-14,https://www.nepalstock.com/api/web/report/download-report/557a793d7c2ce7cb5d8062668a65d236.pdf
359,2011.5.27,Weekly Report of 2011.5.27,2023-08-14,https://www.nepalstock.com/api/web/report/download-report/5bd0b0faa31acc56cbe58748a4db4eaa.pdf
360,2011.5.20,Weekly Report of 2011.5.20,2023-08-14,https://www.nepalstock.com/api/web/report/download-report/e391b57796a0c30a8084fe659deb15e5.pdf
361,2011.5.13,Weekly Report of 2011.5.13,2023-08-14,https://www.nepalstock.com/api/web/report/download-report/e2a2b02ffa9fed09c91b5f2d1972be9c.pdf
362,2011.5.6,Weekly Report of 2011.5.6,2023-08-14,https://www.nepalstock.com/api/web/report/download-report/f0c9612b57c8a44cd16a8fc472b58754.pdf
363,2011.4.29,Weekly Report of 2011.4.29,2023-08-14,https://www.nepalstock.com/api/web/report/download-report/9967c4eecc735958eb910d43a42a116b.pdf
364,2011.4.22,Weekly Report of 2011.4.22,2023-08-14,https://www.nepalstock.com/api/web/report/download-report/ccf43d9a7d7fb2c61b0725c479b20d7f.pdf
365,2011.4.15,Weekly Report of 2011.4.15,2023-08-14,https://www.nepalstock.com/api/web/report/download-report/c01e215eb0d3cc6aac46c1742dcd67a1.pdf
366,2011.4.8,Weekly Report of 2011.4.8,2023-08-14,https://www.nepalstock.com/api/web/report/download-report/91f043ab15bc6202f4d82c22c9cf42b8.pdf
367,2011.4.1,Weekly Report of 2011.4.1,2023-08-14,https://www.nepalstock.com/api/web/report/download-report/0908d145c3f0ba273c7a3c1ca5d17e82.pdf
368,2011.3.25,Weekly Report of 2011.3.25,2023-08-14,https://www.nepalstock.com/api/web/report/download-report/867b8d6177c9b8221e6cbf1747e61a4c.pdf
369,2011.3.18,Weekly Report of 2011.3.18,2023-08-14,https://www.nepalstock.com/api/web/report/download-report/450ed4ddb73b3b95c7b4efe5cbd7748c.pdf
370,2011.3.11,Weekly Report of 2011.3.11,2023-08-14,https://www.nepalstock.com/api/web/report/download-report/0dd5db9530c053733d7a6b5a427de05a.pdf
371,2011.3.3,Weekly Report of 2011.3.3,2023-08-14,https://www.nepalstock.com/api/web/report/download-report/4bcc0b5b4d8435bca244bc2bb2c982d4.pdf
372,2011.2.25,Weekly Report of 2011.2.25,2023-08-14,https://www.nepalstock.com/api/web/report/download-report/60c5433385146613b32ccb6c359b0163.pdf
373,2011.2.18,Weekly Report of 2011.2.18,2023-08-14,https://www.nepalstock.com/api/web/report/download-report/3710d7f3a4e5962497496c8e23f909d0.pdf
374,2011.2.11,Weekly Report of 2011.2.11,2023-08-14,https://www.nepalstock.com/api/web/report/download-report/6487833e8094b58cccfc501e14c0a789.pdf
375,2011.2.3,Weekly Report of 2011.2.3,2023-08-14,https://www.nepalstock.com/api/web/report/download-report/138e3a4d138a78b0eeb855163a605411.pdf
376,2011.1.21,Weekly Report of 2011.1.21,2023-08-14,https://www.nepalstock.com/api/web/report/download-report/9b7756222a64f7a9a9ee4a4b67f1d84c.pdf
377,2011.1.13,Weekly Report of 2011.1.13,2023-08-14,https://www.nepalstock.com/api/web/report/download-report/44c86be7faec8ea9e0bb1066c3cdf376.pdf
378,2011.1.7,Weekly Report of 2011.1.7,2023-08-14,https://www.nepalstock.com/api/web/report/download-report/983e8646e3f664cd341288f45b1d27d7.pdf
379,2010.12.31,Weekly Report of 2010.12.31,2023-08-14,https://www.nepalstock.com/api/web/report/download-report/57b3a25f49293ab7a295a5f4b5de6359.pdf
380,2010.12.24,Weekly Report of 2010.12.24,2023-08-14,https://www.nepalstock.com/api/web/report/download-report/745e85f29fe47ea14658e06a064438f3.pdf
381,2010.12.17,Weekly Report of 2010.12.17,2023-08-14,https://www.nepalstock.com/api/web/report/download-report/759ea74999c764f35e7493f2df3e9d90.pdf
382,2010.12.10,Weekly Report of 2010.12.10,2023-08-14,https://www.nepalstock.com/api/web/report/download-report/217548ff13d239ad51d54366b409d58e.pdf
383,2010.12.3,Weekly Report of 2010.12.3,2023-08-14,https://www.nepalstock.com/api/web/report/download-report/3cd01176bcf69bdd14abbb07f88d065a.pdf
384,2010.11.26,Weekly Report of 2010.11.26,2023-08-14,https://www.nepalstock.com/api/web/report/download-report/305cde7cd3ee24cb5e121b4af4ce67bb.pdf
385,2010.11.19,Weekly Report of 2010.11.19,2023-08-13,https://www.nepalstock.com/api/web/report/download-report/02161249831378668fca19314be1120d.pdf
386,2010.11.11,Weekly Report of 2010.11.11,2023-08-13,https://www.nepalstock.com/api/web/report/download-report/5fd0c5f3f1c7dc088b071e9568b3b051.pdf
387,2010.11.4,Weekly Report of 2010.11.4,2023-08-13,https://www.nepalstock.com/api/web/report/download-report/c0d66414afeb971fc6f9785b2a170354.pdf
388,2010.10.29,Weekly Report of 2010.10.29,2023-08-13,https://www.nepalstock.com/api/web/report/download-report/b92d8f32ebf3cff23effacf3d3325a74.pdf
389,2010.10.7,Weekly Report of 2010.10.7,2023-08-13,https://www.nepalstock.com/api/web/report/download-report/b48b2248266b8edc1e3df2531ae5f603.pdf
390,2010.10.1,Weekly Report of 2010.10.1,2023-08-13,https://www.nepalstock.com/api/web/report/download-report/c5fbaf546e532a48e7d11844a94d159e.pdf
391,2010.9.24,Weekly Report of 2010.9.24,2023-08-13,https://www.nepalstock.com/api/web/report/download-report/a439bd5e8f7bcc907109b5b6dc75d567.pdf
392,2010.9.17,Weekly Report of 2010.9.17,2023-08-13,https://www.nepalstock.com/api/web/report/download-report/1e8ea92029def4a76cc0839fc852183f.pdf
393,2010.9.3,Weekly Report of 2010.9.3,2023-08-13,https://www.nepalstock.com/api/web/report/download-report/bef9b9d3c4dd1e4935fc7573dd03a609.pdf
394,2010.8.27,Weekly Report of 2010.8.27,2023-08-13,https://www.nepalstock.com/api/web/report/download-report/822bbf952184f5ed4c0f908c7d379393.pdf
395,2010.8.20,Weekly Report of 2010.8.20,2023-08-13,https://www.nepalstock.com/api/web/report/download-report/e6eae8e5b974e60683beb64211e277f6.pdf
396,2010.8.13,Weekly Report of 2010.8.13,2023-08-13,https://www.nepalstock.com/api/web/report/download-report/f11514277b8a826604a76d34683a02bc.pdf
397,2010.8.6,Weekly Report of 2010.8.6,2023-08-13,https://www.nepalstock.com/api/web/report/download-report/3fe9703a9208ab66ed2a194fb6c6f2f8.pdf
398,2010.7.30,Weekly Report of 2010.7.30,2023-08-13,https://www.nepalstock.com/api/web/report/download-report/9fbc5bd2ac3998d4bcddf2dbdb562ef9.pdf
399,2010.7.23,Weekly Report of 2010.7.23,2023-08-13,https://www.nepalstock.com/api/web/report/download-report/ccb8b5960726bbb8d394ee3bde90139c.pdf
400,2010.7.16,Weekly Report of 2010.7.16,2023-08-13,https://www.nepalstock.com/api/web/report/download-report/37af0394d9f80bf4e2524cf235cf4898.pdf
401,2010.7.9,Weekly Report of 2010.7.9,2023-08-13,https://www.nepalstock.com/api/web/report/download-report/fdff4d1bef80bb5193dd66c90f8924dc.pdf
402,2010.7.2,Weekly Report of 2010.7.2,2023-08-13,https://www.nepalstock.com/api/web/report/download-report/32f3363278f5d7640ae7e548f6b18cf3.pdf
403,2010.6.25,Weekly Report of 2010.6.25,2023-08-13,https://www.nepalstock.com/api/web/report/download-report/f22d0053f47eaf580139cb44b96a0bb0.pdf
404,2010.6.18,Weekly Report of 2010.6.18,2023-08-13,https://www.nepalstock.com/api/web/report/download-report/f86a9de7c07410b9dfd6a187b557d4a0.pdf
405,2010.6.11,Weekly Report of 2010.6.11,2023-08-13,https://www.nepalstock.com/api/web/report/download-report/117601943ad40f8ae062cb00528695c3.pdf
406,2010.6.4,Weekly Report of 2010.6.4,2023-08-13,https://www.nepalstock.com/api/web/report/download-report/f653373b4707250e3caba83a216d58c7.pdf
407,2010.5.28,Weekly Report of 2010.5.28,2023-08-13,https://www.nepalstock.com/api/web/report/download-report/ac5177cecb7e34fb9e5ffb39f6ecd2e6.pdf
408,2010.5.21,Weekly Report of 2010.5.21,2023-08-13,https://www.nepalstock.com/api/web/report/download-report/e1efd37c1da280e825edf7cc7768dd1f.pdf
409,2010.5.14,Weekly Report of 2010.5.14,2023-08-13,https://www.nepalstock.com/api/web/report/download-report/c3f25c623828b0e5405ca3d1a9559b07.pdf
410,2010.4.30,Weekly Report of 2010.4.30,2023-08-13,https://www.nepalstock.com/api/web/report/download-report/e5a5d32749d1c3ac5874d53a586d6010.pdf
411,2010.4.23,Weekly Report of 2010.4.23,2023-08-13,https://www.nepalstock.com/api/web/report/download-report/8e48d55bd1bec67544871bfb67f737cb.pdf
412,2010.4.16,Weekly Report of 2010.4.16,2023-08-13,https://www.nepalstock.com/api/web/report/download-report/e59e9df862c6ffbdf9878ce2582ee488.pdf
413,2010.4.9,Weekly Report of 2010.4.9,2023-08-13,https://www.nepalstock.com/api/web/report/download-report/80785794779f7e5a4a8215021b4b75c4.pdf
414,2010.4.2,Weekly Report of 2010.4.2,2023-08-13,https://www.nepalstock.com/api/web/report/download-report/f6728480e9b1c98700081458d2c269ec.pdf
415,2010.3.26,Weekly Report of 2010.3.26,2023-08-13,https://www.nepalstock.com/api/web/report/download-report/5c643f101d7c2cd99eb478040e378f10.pdf
416,2010.3.19,Weekly Report of 2010.3.19,2023-08-13,https://www.nepalstock.com/api/web/report/download-report/c61cce2411751f74d78834f2f629aa40.pdf
417,2010.3.12,Weekly Report of 2010.3.12,2023-08-13,https://www.nepalstock.com/api/web/report/download-report/a3316a4cb8c129a40227e46ce913d19b.pdf
418,2010.3.5,Weekly Report of 2010.3.5,2023-08-13,https://www.nepalstock.com/api/web/report/download-report/6b74b70cc55f7d157105428b08a45660.pdf
419,2010.2.19,Weekly Report of 2010.2.19,2023-08-13,https://www.nepalstock.com/api/web/report/download-report/aa8d6825888716c61debc82e2a4d152d.pdf
420,2010.2.11,Weekly Report of 2010.2.11,2023-08-13,https://www.nepalstock.com/api/web/report/download-report/632abd97aff74e9d7ba58832e679a70d.pdf
421,2010.1.29,Weekly Report of 2010.1.29,2023-08-13,https://www.nepalstock.com/api/web/report/download-report/5421268a278cb354a137bc4751801156.pdf
422,2010.1.22,Weekly Report of 2010.1.22,2023-08-13,https://www.nepalstock.com/api/web/report/download-report/f25d89fc4b27384c4fbb119eade9425a.pdf
423,2010.1.15,Weekly Report of 2010.1.15,2023-08-13,https://www.nepalstock.com/api/web/report/download-report/8b4d817510ebbdde7e8d40495cb3b551.pdf
424,2010.1.8,Weekly Report of 2010.1.8,2023-08-13,https://www.nepalstock.com/api/web/report/download-report/b73cdd87c692f8f248f74927781763de.pdf
425,2010.1.1,Weekly Report of 2010.1.1,2023-08-13,https://www.nepalstock.com/api/web/report/download-report/09863b6e20b71ee4c4605330231ec428.pdf
426,2009.12.24,Weekly Report of 2009.12.24,2023-08-13,https://www.nepalstock.com/api/web/report/download-report/9d551076be1bdf0c9edeeb07c4d09f08.pdf
427,2009.12.18,Weekly Report of 2009.12.18,2023-08-13,https://www.nepalstock.com/api/web/report/download-report/dccd38b989c7572e3ef1d74c22afdf95.pdf
428,2009.12.11,Weekly Report of 2009.12.11,2023-08-13,https://www.nepalstock.com/api/web/report/download-report/bc30b0eccfe3fd2bdec1c87fb0a2976c.pdf
429,2009.12.4,Weekly Report of 2009.12.4,2023-08-13,https://www.nepalstock.com/api/web/report/download-report/26374874dc2c477eefe92c69ce918ed2.pdf
430,2009.11.27,Weekly Report of 2009.11.27,2023-08-13,https://www.nepalstock.com/api/web/report/download-report/992774ebca4814b2bab0cdfe8dae20f1.pdf
431,2009.11.20,Weekly Report of 2009.11.20,2023-08-13,https://www.nepalstock.com/api/web/report/download-report/172958c203707fd608fc5cfec07a575c.pdf
432,2009.11.13,Weekly Report of 2009.11.13,2023-08-13,https://www.nepalstock.com/api/web/report/download-report/7523401e11eb87b26bb870d74a9cea0b.pdf
433,2009.11.6,Weekly Report of 2009.11.6,2023-08-13,https://www.nepalstock.com/api/web/report/download-report/0797cfc82fa9251cedea6f79a5c51022.pdf
434,2009.10.30,Weekly Report of 2009.10.30,2023-08-13,https://www.nepalstock.com/api/web/report/download-report/48de54c9717406e53722efadce302054.pdf
435,2009.10.23,Weekly Report of 2009.10.23,2023-08-13,https://www.nepalstock.com/api/web/report/download-report/77af8e6a79380d053c0b0825d4fab9fa.pdf
436,2009.10.16,Weekly Report of 2009.10.16,2023-08-13,https://www.nepalstock.com/api/web/report/download-report/0ff2a883da3d81f82a51a2df032a58a6.pdf
437,2009.10.9,Weekly Report of 2009.10.9,2023-08-13,https://www.nepalstock.com/api/web/report/download-report/c0db2766989cbbcf4447b35422e133c3.pdf
438,2009.9.24,Weekly Report of 2009.9.24,2023-08-13,https://www.nepalstock.com/api/web/report/download-report/524024e2b1033fa5d6ad228494f272f7.pdf
439,2009.9.18,Weekly Report of 2009.9.18,2023-08-13,https://www.nepalstock.com/api/web/report/download-report/10861ca7f4c4fa0e2246ea92c4789364.pdf
440,2009.9.11,Weekly Report of 2009.9.11,2023-08-13,https://www.nepalstock.com/api/web/report/download-report/3b6bb986700615fe2c66c3191954f7fa.pdf
441,2009.9.4,Weekly Report of 2009.9.4,2023-08-13,https://www.nepalstock.com/api/web/report/download-report/737c0075a851187d1dbdffe53c9426ce.pdf
442,2009.8.28,Weekly Report of 	2009.8.28,2023-08-13,https://www.nepalstock.com/api/web/report/download-report/4c9775d83294f314f6a717fe411a1bbe.pdf
443,2009.8.14,Weekly Report of 2009.8.14,2023-08-13,https://www.nepalstock.com/api/web/report/download-report/f5fb04b682d88af8e06ffd9695cf5018.pdf
444,2009.8.21,Weekly Report of 2009.8.21,2023-08-13,https://www.nepalstock.com/api/web/report/download-report/191ec102ac3d5f2ca8a10e41d238be49.pdf
445,2009.8.7,Weekly Report of 2009.8.7,2023-08-13,https://www.nepalstock.com/api/web/report/download-report/355e6b51241c72211d40ee14bfd638e9.pdf
446,2009.7.31,Weekly Report of 2009.7.31,2023-08-13,https://www.nepalstock.com/api/web/report/download-report/37e6fb32ed0512b40f4dc4cf160bd5cf.pdf
447,2009.7.17,Weekly Report of 2009.7.17,2023-08-13,https://www.nepalstock.com/api/web/report/download-report/9207f50f43cff39784709bae44413c2d.pdf
448,2009.7.10,Weekly Report of 2009.7.10,2023-08-13,https://www.nepalstock.com/api/web/report/download-report/d08f0b76ccee1a0802296c3b1671ad41.pdf
449,2009.7.3,Weekly Report of 2009.7.3,2023-08-13,https://www.nepalstock.com/api/web/report/download-report/ba54b794c7dbd91b88209ce18019684e.pdf
450,2009.6.26,Weekly Report of 2009.6.26,2023-08-13,https://www.nepalstock.com/api/web/report/download-report/ec4e97372b7a08a11e50b7645252ae83.pdf
451,2009.6.5,Weekly Report of 2009-06-05,2023-08-13,https://www.nepalstock.com/api/web/report/download-report/ae3215154bbee3edf2a38582a4d11ba9.pdf
452,2021.10.8,Weekly Report of 2021.10.8,2021-10-08,https://www.nepalstock.com/api/web/report/download-report/f64b3fb627699499a2c9b14b1aaed33d.xlsx
453,2021.10.1,Weekly Report of 2021.10.1,2021-10-03,https://www.nepalstock.com/api/web/report/download-report/bc7792a1a5629912d1e96226889f07ad.xlsx
454,2021.9.24,Weekly Report of 2021.9.24,2021-10-03,https://www.nepalstock.com/api/web/report/download-report/ea928d57f5b02d408d47a2631428c448.xlsx
455,2021.9.17,Weekly Report of 2021.9.17,2021-10-03,https://www.nepalstock.com/api/web/report/download-report/c99bc4380601f5cc0ada008484be1f78.xlsx
456,2021.9.10,Weekly Report of 2021.9.10,2021-09-10,https://www.nepalstock.com/api/web/report/download-report/de0993fb54ef4960117c46b916353697.xlsx
457,2021.9.3,Weekly report of 2021.9.3.,2021-09-03,https://www.nepalstock.com/api/web/report/download-report/1ae07db5b89d41306e1381002c4cf36e.xlsx
458,2021.8.20,Weekly report of  2021.8.20,2021-08-20,https://www.nepalstock.com/api/web/report/download-report/077b50f05e787fad9990cd3335195fcb.xlsx
459,2021.8.13,Weekly Report,2021-08-13,https://www.nepalstock.com/api/web/report/download-report/196cc22a92cae0a67c881de877d7db5c.xlsx
460,Weekly Report 2021-06-25,Weekly Report 2021-06-25,2021-07-19,https://www.nepalstock.com/api/web/report/download-report/9a08862c3144fde2ebc0ef9278b1b546.xlsx
461,Weekly Report 2021-06-18,Weekly Report 2021-06-18,2021-07-19,https://www.nepalstock.com/api/web/report/download-report/b9533022ca9516d66e58d13660ac00dc.xlsx
462,Weekly Report 2021-06-11,Weekly Report 2021-06-11,2021-07-19,https://www.nepalstock.com/api/web/report/download-report/27baddb8d9309ae3205f4999c4d39939.xlsx
463,Weekly Report 2021-06-04,Weekly Report 2021-06-04,2021-07-19,https://www.nepalstock.com/api/web/report/download-report/ed26051a6a0e3c8bbaaf6ec2ec2f9ac6.xlsx
464,Weekly Report 2021-05-28,Weekly Report 2021-05-28,2021-07-19,https://www.nepalstock.com/api/web/report/download-report/e23ea8626198ba18e48de77ee848b706.xlsx
465,Weekly Report 2021-05-21,Weekly Report 2021-05-21,2021-07-19,https://www.nepalstock.com/api/web/report/download-report/c8cbfb5296772631baf67c4752b0fbec.xlsx
466,Weekly Report 2021-05-14,Weekly Report 2021-05-14,2021-07-19,https://www.nepalstock.com/api/web/report/download-report/af8f26ff2eee65e7d3656da4fd6626bf.xlsx
467,Weekly Report 2021-05-07,Weekly Report 2021-05-07,2021-07-19,https://www.nepalstock.com/api/web/report/download-report/d22b5b68aee277d2860c8dc1abedf52b.xlsx
468,Weekly Report 2021-04-30,Weekly Report 2021-04-30,2021-07-19,https://www.nepalstock.com/api/web/report/download-report/8fc8b8e9bd0eeaaec42e97f9bdd1f65a.xlsx
469,Weekly Report 2021-04-23,Weekly Report 2021-04-23,2021-07-19,https://www.nepalstock.com/api/web/report/download-report/1ac51238848d862a7286480079a2e537.xlsx
470,Weekly Report 2021-04-16,Weekly Report 2021-04-16,2021-07-19,https://www.nepalstock.com/api/web/report/download-report/fcc70b0d0756f120984f0ec68c02db54.xlsx
471,Weekly Report 2021-02-26,Weekly Report 2021-02-26,2021-07-19,https://www.nepalstock.com/api/web/report/download-report/0cd61d40c8fab609368b5b6828205d86.xlsx
472,Weekly Report 2021-02-05,Weekly Report 2021-02-05,2021-07-19,https://www.nepalstock.com/api/web/report/download-report/222d24ea3386b089e7ea9dc4d1c993bd.xlsx
473,Weekly Report 2021-01-29,Weekly Report 2021-01-29,2021-07-19,https://www.nepalstock.com/api/web/report/download-report/df3016fdf27c29b05d14b8a7a1f59783.xlsx
474,Weekly Report 2021-01-22,Weekly Report 2021-01-22,2021-07-19,https://www.nepalstock.com/api/web/report/download-report/2472ca81bf4e87b0019b318cfe92db05.xlsx
475,Weekly Report 2021-01-08,Weekly Report 2021-01-08,2021-07-19,https://www.nepalstock.com/api/web/report/download-report/6253b1dfcf411b914455545c20c15112.xlsx
476,Weekly Report 2021-01-01,Weekly Report 2021-01-01,2021-07-19,https://www.nepalstock.com/api/web/report/download-report/9111b2b48a06abad522272f3a41f6065.xlsx
477,Weekly Report 2020-12-25,Weekly Report 2020-12-25,2021-07-19,https://www.nepalstock.com/api/web/report/download-report/3826e0851d612be2f29c81f299b5033e.xlsx
478,Weekly Report 2020-12-18,Weekly Report 2020-12-18,2021-07-19,https://www.nepalstock.com/api/web/report/download-report/acca1bc2d24b9f2aaa74b059e3d3f9ad.xlsx
479,Weekly Report 2020-12-11,Weekly Report 2020-12-11,2021-07-19,https://www.nepalstock.com/api/web/report/download-report/a8d0376ccbc2dc3ca0aee6d985cea03e.xlsx
480,Weekly Report 2020-11-27,Weekly Report 2020-11-27,2021-07-19,https://www.nepalstock.com/api/web/report/download-report/6626cdadd3552bf94c4db1b1a949dc2e.xlsx
481,Weekly Report 2020-11-20,Weekly Report 2020-11-20,2021-07-19,https://www.nepalstock.com/api/web/report/download-report/202be4af3ef215e9273bfe095ce60dc8.xlsx
482,Weekly Report 2020-11-13,Weekly Report 2020-11-13,2021-07-19,https://www.nepalstock.com/api/web/report/download-report/bb438458d19d49e1c6dd3d5948e5b8fe.xlsx
483,Weekly Report 2020-11-06,Weekly Report 2020-11-06,2021-07-19,https://www.nepalstock.com/api/web/report/download-report/6eb2291a182d769e7df302ad34301d10.xlsx
484,Weekly Report 2020-10-16,Weekly Report 2020-10-16,2021-07-19,https://www.nepalstock.com/api/web/report/download-report/887dcd58a5fb7dafd56a7b4beb87ab81.xlsx
485,Weekly Report 2020-10-09,Weekly Report 2020-10-09,2021-07-19,https://www.nepalstock.com/api/web/report/download-report/6e6c0fbd2353a58197b6332988ecd26d.xlsx
486,Weekly Report 2020-10-02,Weekly Report 2020-10-02,2021-07-19,https://www.nepalstock.com/api/web/report/download-report/c80c5c7a5af65278b57fe856f8861f2b.xlsx
487,Weekly Report 2020-09-25,Weekly Report 2020-09-25,2021-07-19,https://www.nepalstock.com/api/web/report/download-report/089ad0c450985c0aba9a56c235e39f2a.xlsx
488,Weekly Report 2020-09-18,Weekly Report 2020-09-18,2021-07-19,https://www.nepalstock.com/api/web/report/download-report/a0fe56e9cf4d295b13ca4b3f562b19b5.xlsx
489,Weekly Report 2020-09-11,Weekly Report 2020-09-11,2021-07-19,https://www.nepalstock.com/api/web/report/download-report/2948491588c3fbf67c7ed2ef396ab02c.xlsx
490,Weekly Report 2020-09-04,Weekly Report 2020-09-04,2021-07-19,https://www.nepalstock.com/api/web/report/download-report/b39a47d7235af6d37b5183731e55d901.xlsx
491,Weekly Report 2020-08-28,Weekly Report 2020-08-28,2021-07-19,https://www.nepalstock.com/api/web/report/download-report/c8c8f56869581b63ef9db94383c35a24.xlsx
492,Weekly Report 2020-08-21,Weekly Report 2020-08-21,2021-07-19,https://www.nepalstock.com/api/web/report/download-report/7207ca52301e51c3829279373c54eba0.xlsx
493,Weekly Report 2020-08-14,Weekly Report 2020-08-14,2021-07-19,https://www.nepalstock.com/api/web/report/download-report/b766547564199e40bb00c00ebf565916.xlsx
494,Weekly Report 2020-08-07,Weekly Report 2020-08-07,2021-07-19,https://www.nepalstock.com/api/web/report/download-report/3a7deaea142555e11efedd520603f86b.xlsx
495,Weekly Report 2020-07-31,Weekly Report 2020-07-31,2021-07-19,https://www.nepalstock.com/api/web/report/download-report/59a0a4f80ba404bed2239b883f9fbe8a.xlsx
496,Weekly Report 2020-07-24,Weekly Report 2020-07-24,2021-07-19,https://www.nepalstock.com/api/web/report/download-report/1a150db4934ad0343a515e02548e0484.xlsx
497,Weekly Report 2020-07-17,Weekly Report 2020-07-17,2021-07-19,https://www.nepalstock.com/api/web/report/download-report/d5bcf709f03a26cc6cf4e72d601c53aa.xlsx
498,Weekly Report 2020-07-10,Weekly Report 2020-07-10,2021-07-19,https://www.nepalstock.com/api/web/report/download-report/f528ebc5d9fded1968769aadaa83d390.xlsx
499,Weekly Report 2020-07-03,Weekly Report 2020-07-03,2021-07-19,https://www.nepalstock.com/api/web/report/download-report/7f1310edd10d7fe8207d919c0254d7cf.xlsx
500,Weekly Report 2020-05-15,Weekly Report 2020-05-15,2021-07-19,https://www.nepalstock.com/api/web/report/download-report/18d966675970075936e27e3409d9adbc.xlsx
501,Weekly Report 2020-03-27,Weekly Report 2020-03-27,2021-07-19,https://www.nepalstock.com/api/web/report/download-report/1c79066697f67d6ef4e9b4b5ad5ac08c.xlsx
502,Weekly Report 2020-03-20,Weekly Report 2020-03-20,2021-07-19,https://www.nepalstock.com/api/web/report/download-report/6b03d7911e588d6d17b19f2ca331f96a.xlsx
503,Weekly Report 2020-03-13,Weekly Report 2020-03-13,2021-07-19,https://www.nepalstock.com/api/web/report/download-report/72d1afdeef2423b5e2077bf8c604a57f.xlsx
504,Weekly Report 2020-03-06,Weekly Report 2020-03-06,2021-07-19,https://www.nepalstock.com/api/web/report/download-report/f07aa8873adb58e7db8523dc1f9b9e41.xlsx
505,Weekly Report 2020-02-28,Weekly Report 2020-02-28,2021-07-19,https://www.nepalstock.com/api/web/report/download-report/4ea2a97b43ef71276fe4df1de00c4076.xlsx
506,Weekly Report 2020-02-21,Weekly Report 2020-02-21,2021-07-19,https://www.nepalstock.com/api/web/report/download-report/687851577c58775273b401f4bda56879.xlsx
507,Weekly Report 2020-02-14,Weekly Report 2020-02-14,2021-07-19,https://www.nepalstock.com/api/web/report/download-report/244b0f2a3cfa3249bb67c58aa78efd9c.xlsx
508,Weekly Report 2020-02-07,Weekly Report 2020-02-07,2021-07-19,https://www.nepalstock.com/api/web/report/download-report/aa442a6cb3f34c67e2a23bfa62bdbf6b.xlsx
509,Weekly Report 2020-01-31,Weekly Report 2020-01-31,2021-07-19,https://www.nepalstock.com/api/web/report/download-report/e7bef615fee4bbc3f11ec6a608c7ddd0.xlsx
510,Weekly Report 2020-01-24,Weekly Report 2020-01-24,2021-07-19,https://www.nepalstock.com/api/web/report/download-report/c7a9a56ce1d67b1f5e030e49eac0941c.xlsx
511,Weekly Report 2020-01-17,Weekly Report 2020-01-17,2021-07-19,https://www.nepalstock.com/api/web/report/download-report/18b374025c13679f8a72f8f1c0e02629.xlsx
512,Weekly Report 2020-01-10,Weekly Report 2020-01-10,2021-07-19,https://www.nepalstock.com/api/web/report/download-report/0cdbee6647bc64903777ed8e011715cd.xlsx
513,Weekly Report 2020-01-03,Weekly Report 2020-01-03,2021-07-19,https://www.nepalstock.com/api/web/report/download-report/9e9a8a1ab56f013c8f78943227d0df0c.xlsx
514,Weekly Report 2019-12-27,Weekly Report 2019-12-27,2021-07-18,https://www.nepalstock.com/api/web/report/download-report/3f9dd7dcbc874313435fe4ca1e32b542.xlsx
515,Weekly Report 2019-12-20,Weekly Report 2019-12-20,2021-07-18,https://www.nepalstock.com/api/web/report/download-report/2d392faf9878c1ee06e0ef2f08a57f74.xlsx
516,Weekly Report 2019-12-13,Weekly Report 2019-12-13,2021-07-18,https://www.nepalstock.com/api/web/report/download-report/ecc9d8cbf71006145280051740b85ea1.xlsx
517,Weekly Report 2019-12-06,Weekly Report 2019-12-06,2021-07-18,https://www.nepalstock.com/api/web/report/download-report/f798d1c4204d0d3237e3dda96bd21746.xlsx
518,Weekly Report 2019-11-29,Weekly Report 2019-11-29,2021-07-18,https://www.nepalstock.com/api/web/report/download-report/6fce2544dfeef53d78dc1d2da4429a49.xlsx
519,Weekly Report 2019-11-22,Weekly Report 2019-11-22,2021-07-18,https://www.nepalstock.com/api/web/report/download-report/26b19d0e0c8f7d4bc9360357c914d9c6.xlsx
520,Weekly Report 2019-11-15,Weekly Report 2019-11-15,2021-07-18,https://www.nepalstock.com/api/web/report/download-report/39aa8418fa40386694067cff7f0bf877.xlsx
521,Weekly Report 2019-11-08,Weekly Report 2019-11-08,2021-07-18,https://www.nepalstock.com/api/web/report/download-report/d533e15de32a966c483b9595e78e984a.xlsx
522,Weekly Report 2019-11-01,Weekly Report 2019-11-01,2021-07-18,https://www.nepalstock.com/api/web/report/download-report/351b951f4821e86f1d0a7fa1490d8f0e.xlsx
523,Weekly Report 2019-10-25,Weekly Report 2019-10-25,2021-07-18,https://www.nepalstock.com/api/web/report/download-report/30c3ee2f9b5c014a1520d7fec16f9a96.xlsx
524,Weekly Report 2019-10-18,Weekly Report 2019-10-18,2021-07-18,https://www.nepalstock.com/api/web/report/download-report/41984789bc4a48ec1ddea36f5044d033.xlsx
525,Weekly Report 2019-10-11,Weekly Report 2019-10-11,2021-07-18,https://www.nepalstock.com/api/web/report/download-report/6b161bcadbae0fd01286bde9d3a0e8c5.xlsx
526,Weekly Report 2019-10-04,Weekly Report 2019-10-04,2021-07-18,https://www.nepalstock.com/api/web/report/download-report/72b0535c1940c49221da1cd79d2113cd.xlsx
527,Weekly Report 2019-09-27,Weekly Report 2019-09-27,2021-07-18,https://www.nepalstock.com/api/web/report/download-report/b07a365a416e77f2a0afeba6b5e45d93.xlsx
528,Weekly Report 2019-09-20,Weekly Report 2019-09-20,2021-07-18,https://www.nepalstock.com/api/web/report/download-report/9d6f7eef225b5ec3832a591e01c25f81.xlsx
529,Weekly Report 2019-09-13,Weekly Report 2019-09-13,2021-07-18,https://www.nepalstock.com/api/web/report/download-report/e8b7225d2590e7c91aa5e1a6a0f3efa0.xlsx
530,Weekly Report 2019-09-06,Weekly Report 2019-09-06,2021-07-18,https://www.nepalstock.com/api/web/report/download-report/38bc37314b8709405dcf87c121a88fc1.xlsx
531,Weekly Report 2019-08-30,Weekly Report 2019-08-30,2021-07-18,https://www.nepalstock.com/api/web/report/download-report/131f91333c22738bb9c33650ca7411c7.xlsx
532,Weekly Report 2019-08-23,Weekly Report 2019-08-23,2021-07-18,https://www.nepalstock.com/api/web/report/download-report/e04a053e5052690a8b78e4d5eba07da7.xlsx
533,Weekly Report 2019-08-15,Weekly Report 2019-08-15,2021-07-18,https://www.nepalstock.com/api/web/report/download-report/ec5986d832e7da1d56a44908782d2327.xlsx
534,Weekly Report 2019-08-09,Weekly Report 2019-08-09,2021-07-18,https://www.nepalstock.com/api/web/report/download-report/3ce4664210620ef403401f2c4e134d2e.xlsx
535,Weekly Report 2019-08-02,Weekly Report 2019-08-02,2021-07-18,https://www.nepalstock.com/api/web/report/download-report/11deaac3dd08d9356cc8336a289cb558.xlsx
536,Weekly Report 2019-07-26,Weekly Report 2019-07-26,2021-07-18,https://www.nepalstock.com/api/web/report/download-report/036e846e0c7fbae65b7457846a82414f.xlsx
537,Weekly Report 2019-07-19,Weekly Report 2019-07-19,2021-07-18,https://www.nepalstock.com/api/web/report/download-report/a7676a9642c55194cc5a98715c1bf5a3.xlsx
538,Weekly Report 2019-07-12,Weekly Report 2019-07-12,2021-07-18,https://www.nepalstock.com/api/web/report/download-report/c0a07f8b689c7eaff315a051fec0bd6b.xlsx
539,Weekly Report 2019-07-05,Weekly Report 2019-07-05,2021-07-18,https://www.nepalstock.com/api/web/report/download-report/172f526345d627a4544d35238eb143ef.xlsx
540,Weekly Report 2019-06-28,Weekly Report 2019-06-28,2021-07-18,https://www.nepalstock.com/api/web/report/download-report/f426eed6bec4c50d4cc1c29f203e6252.xlsx
541,Weekly Report 2019-06-22,Weekly Report 2019-06-22,2021-07-18,https://www.nepalstock.com/api/web/report/download-report/0e419e04c606c97f82da7c859435cdaf.xlsx
542,Weekly Report 2019-06-14,Weekly Report 2019-06-14,2021-07-18,https://www.nepalstock.com/api/web/report/download-report/a410c93b8aafd33b8a81fdfd91e1cbcf.xlsx
543,Weekly Report 2019-06-07,Weekly Report 2019-06-07,2021-07-18,https://www.nepalstock.com/api/web/report/download-report/52c73a5c4980d7575a5c8cebb1899622.xlsx
544,Weekly Report 2019-05-31,Weekly Report 2019-05-31,2021-07-18,https://www.nepalstock.com/api/web/report/download-report/b555357c2d30f3853b981f4c4a310e0c.xlsx
545,Weekly Report 2019-05-24,Weekly Report 2019-05-24,2021-07-18,https://www.nepalstock.com/api/web/report/download-report/1b5c1378a0e4875d5973c5e4146ab3d2.xlsx
546,Weekly Report 2019-05-17,Weekly Report 2019-05-17,2021-07-18,https://www.nepalstock.com/api/web/report/download-report/2fe61afcdda21e5a167e52e7be7ee296.xlsx
547,Weekly Report 2019-05-10,Weekly Report 2019-05-10,2021-07-18,https://www.nepalstock.com/api/web/report/download-report/b34d70a3a8a19840060115dcb7e69285.xlsx
548,Weekly Report 2019-05-03,Weekly Report 2019-05-03,2021-07-18,https://www.nepalstock.com/api/web/report/download-report/901bd701cde0aa6f0f1621ab5a38dd97.xlsx
549,Weekly Report 2019-04-26,Weekly Report 2019-04-26,2021-07-18,https://www.nepalstock.com/api/web/report/download-report/b8756c64295e652f304ffb45f1391ce1.xlsx
550,Weekly Report 2019-04-19,Weekly Report 2019-04-19,2021-07-18,https://www.nepalstock.com/api/web/report/download-report/705bb4a4b6e2133aefa6f0608be71fc7.xlsx
551,Weekly Report 2019-04-12,Weekly Report 2019-04-12,2021-07-18,https://www.nepalstock.com/api/web/report/download-report/56b577ee2d707c166d059412fdbea513.xlsx
552,Weekly Report 2019-04-04,Weekly Report 2019-04-04,2021-07-18,https://www.nepalstock.com/api/web/report/download-report/540f6e1d8b8e26f2e857225a98d66d7a.xlsx
553,Weekly Report 2019-03-29,Weekly Report 2019-03-29,2021-07-18,https://www.nepalstock.com/api/web/report/download-report/9408e411ff5e4705ef1dac996840e03e.xlsx
554,Weekly Report 2019-03-22,Weekly Report 2019-03-22,2021-07-18,https://www.nepalstock.com/api/web/report/download-report/ca3757125b20837ee2b8ababc8397adb.xlsx
555,Weekly Report 2019-03-15,Weekly Report 2019-03-15,2021-07-18,https://www.nepalstock.com/api/web/report/download-report/67f05dd3b0b8bbbe32cb133711df84fe.xlsx
556,Weekly Report 2019-03-01,Weekly Report 2019-03-01,2021-07-18,https://www.nepalstock.com/api/web/report/download-report/5bb4ff402a1cbd9c36515a62093f052b.xlsx
557,Weekly Report 2019-02-22,Weekly Report 2019-02-22,2021-07-18,https://www.nepalstock.com/api/web/report/download-report/758b63b6fdfd8cc09bfb066a5021a36a.xlsx
558,Weekly Report 2019-02-15,Weekly Report 2019-02-15,2021-07-18,https://www.nepalstock.com/api/web/report/download-report/5221f7ff3e6d5c1fe4029abc725b08f2.xlsx
559,Weekly Report 2019-02-08,Weekly Report 2019-02-08,2021-07-18,https://www.nepalstock.com/api/web/report/download-report/ee788c5d3d6bcfc4963dfa9246f6b51c.xlsx
560,Weekly Report 2019-02-01,Weekly Report 2019-02-01,2021-07-18,https://www.nepalstock.com/api/web/report/download-report/9bbf1b160a10b6a1c720cdbab82f8f8b.xlsx
561,Weekly Report 2019-01-25,Weekly Report 2019-01-25,2021-07-18,https://www.nepalstock.com/api/web/report/download-report/44cb62a37ae0178f43a9611a6afb12fc.xlsx
562,Weekly Report 2019-01-18,Weekly Report 2019-01-18,2021-07-18,https://www.nepalstock.com/api/web/report/download-report/c02595d3a7bc5e6d32cea25675c6c07a.xlsx
563,Weekly Report 2019-01-11,Weekly Report 2019-01-11,2021-07-18,https://www.nepalstock.com/api/web/report/download-report/daeaa968ddf9f0ccdbec60d486f6ba49.xlsx
564,Weekly Report 2019-01-04,Weekly Report 2019-01-04,2021-07-18,https://www.nepalstock.com/api/web/report/download-report/49693e3c5dc2a60e6a11e3dd87914a49.xlsx
